id,fullname,platform,fb_user_type,id_social,domain,created_date,createdBy
fb_100014509298221,Nguyen Chinh,1,255,100014509298221,facebook.com,2025-04-14T07:25:05.344Z,PageWebReplyCommentCrawlingLoader
fb_100021641501340,Vĩ Tịnh,1,255,100021641501340,facebook.com,2025-04-14T07:25:05.344Z,PageWebReplyCommentCrawlingLoader
fb_100028093054083,Kim Hữu Trang,1,255,100028093054083,facebook.com,2025-04-14T07:25:05.347Z,PageWebReplyCommentCrawlingLoader
fb_100005142333335,Cao Duy Mạnh,1,255,100005142333335,facebook.com,2025-04-14T07:25:05.347Z,PageWebReplyCommentCrawlingLoader
fb_61570478725401,Sõsuke Aizen,1,255,61570478725401,facebook.com,2025-04-14T07:25:05.347Z,PageWebReplyCommentCrawlingLoader
fb_100002362741206,Dang Yen,1,255,100002362741206,facebook.com,2025-04-14T07:25:05.348Z,PageWebReplyCommentCrawlingLoader
fb_100002489025812,Nguyễn Hoàng Anh,1,255,100002489025812,facebook.com,2025-04-14T07:25:05.348Z,PageWebReplyCommentCrawlingLoader
fb_100010453992412,Nguyen Tuan Anh,1,255,100010453992412,facebook.com,2025-04-14T07:25:05.349Z,PageWebReplyCommentCrawlingLoader
fb_100004156841005,Hiếu Đỗ,1,255,100004156841005,facebook.com,2025-04-14T07:25:05.349Z,PageWebReplyCommentCrawlingLoader
fb_100089286902612,Trần Hạo Nam,1,255,100089286902612,facebook.com,2025-04-14T07:25:05.350Z,PageWebReplyCommentCrawlingLoader
fb_100003076728694,Bảo Phong,1,255,100003076728694,facebook.com,2025-04-14T07:25:05.350Z,PageWebReplyCommentCrawlingLoader
fb_100001222676916,Thiện Hải,1,255,100001222676916,facebook.com,2025-04-14T07:25:05.350Z,PageWebReplyCommentCrawlingLoader
fb_100036119887503,Duy Hiệu,1,255,100036119887503,facebook.com,2025-04-14T07:25:05.350Z,PageWebReplyCommentCrawlingLoader
fb_100011706039291,Phan Huy,1,255,100011706039291,facebook.com,2025-04-14T07:25:05.352Z,PageWebReplyCommentCrawlingLoader
fb_100001154582877,Mừng Nguyễn,1,255,100001154582877,facebook.com,2025-04-14T07:25:05.352Z,PageWebReplyCommentCrawlingLoader
fb_100047732644170,Hồng Châu,1,255,100047732644170,facebook.com,2025-04-14T07:25:05.353Z,PageWebReplyCommentCrawlingLoader
fb_61561616231697,Nguyễn Phú Lợi,1,255,61561616231697,facebook.com,2025-04-14T07:25:05.353Z,PageWebReplyCommentCrawlingLoader
fb_100001790807431,Thu Nguyễn,1,255,100001790807431,facebook.com,2025-04-14T07:25:05.354Z,PageWebReplyCommentCrawlingLoader
fb_100027580365148,Tuấn Kiệt,1,255,100027580365148,facebook.com,2025-04-14T07:25:05.354Z,PageWebReplyCommentCrawlingLoader
fb_100004945750440,Vương Quân,1,255,100004945750440,facebook.com,2025-04-14T07:25:05.355Z,PageWebReplyCommentCrawlingLoader
fb_100000707836751,Nguyễn Phương Duy,1,255,100000707836751,facebook.com,2025-04-14T07:25:05.355Z,PageWebReplyCommentCrawlingLoader
fb_100068399955853,Quân Ngô,1,255,100068399955853,facebook.com,2025-04-14T07:25:05.356Z,PageWebReplyCommentCrawlingLoader
fb_100004497334186,Minh Lâm,1,255,100004497334186,facebook.com,2025-04-14T07:25:06.754Z,PageWebReplyCommentCrawlingLoader
fb_100090148727785,Túi Xốp Bóng Mỡ,1,255,100090148727785,facebook.com,2025-04-14T07:25:17.013Z,PageWebReplyCommentCrawlingLoader
fb_100034687823964,Hà Tuân,1,255,100034687823964,facebook.com,2025-04-14T07:25:17.013Z,PageWebReplyCommentCrawlingLoader
fb_100036464926747,Dương Mỹ Hoa,1,255,100036464926747,facebook.com,2025-04-14T07:25:17.014Z,PageWebReplyCommentCrawlingLoader
fb_61564109426551,Nguyên Quê Nguyên Quê,1,255,61564109426551,facebook.com,2025-04-14T07:25:17.014Z,PageWebReplyCommentCrawlingLoader
fb_61560568239857,Hoài Sen,1,255,61560568239857,facebook.com,2025-04-14T07:25:17.014Z,PageWebReplyCommentCrawlingLoader
fb_100057458584198,Huy Huy,1,255,100057458584198,facebook.com,2025-04-14T07:25:17.014Z,PageWebReplyCommentCrawlingLoader
fb_100039004846805,Kế Toại,1,255,100039004846805,facebook.com,2025-04-14T07:25:17.014Z,PageWebReplyCommentCrawlingLoader
fb_100039561312410,Đỗ Nụ,1,255,100039561312410,facebook.com,2025-04-14T07:25:17.015Z,PageWebReplyCommentCrawlingLoader
fb_100009542268027,Nguyệt Thực,1,255,100009542268027,facebook.com,2025-04-14T07:25:17.015Z,PageWebReplyCommentCrawlingLoader
fb_100029230854261,Nam Ngô Hoài,1,255,100029230854261,facebook.com,2025-04-14T07:25:17.015Z,PageWebReplyCommentCrawlingLoader
fb_100013693098368,Nguyễn Danh Hải,1,255,100013693098368,facebook.com,2025-04-14T07:25:17.015Z,PageWebReplyCommentCrawlingLoader
fb_100091258336304,Thêu Phan,1,255,100091258336304,facebook.com,2025-04-14T07:25:17.015Z,PageWebReplyCommentCrawlingLoader
fb_100081625735810,Đm Đm Ma May,1,255,100081625735810,facebook.com,2025-04-14T07:25:17.016Z,PageWebReplyCommentCrawlingLoader
fb_100086733650698,Hue Thuong,1,255,100086733650698,facebook.com,2025-04-14T07:25:17.016Z,PageWebReplyCommentCrawlingLoader
fb_100071724743086,Thứ Nào Chịu Nổi,1,255,100071724743086,facebook.com,2025-04-14T07:25:17.016Z,PageWebReplyCommentCrawlingLoader
fb_61571527094986,Chuan Tan Guan,1,255,61571527094986,facebook.com,2025-04-14T07:25:17.016Z,PageWebReplyCommentCrawlingLoader
fb_100013948443703,Hà Thanh,1,255,100013948443703,facebook.com,2025-04-14T07:25:17.017Z,PageWebReplyCommentCrawlingLoader
fb_100027196212022,Bùi Mỹ Nhung,1,255,100027196212022,facebook.com,2025-04-14T07:25:17.017Z,PageWebReplyCommentCrawlingLoader
fb_100007605098146,Nguyễn Chiến Thắng,1,255,100007605098146,facebook.com,2025-04-14T07:25:17.017Z,PageWebReplyCommentCrawlingLoader
fb_61550852956581,Tran Mai,1,255,61550852956581,facebook.com,2025-04-14T07:25:17.017Z,PageWebReplyCommentCrawlingLoader
fb_100041143863979,Văn Thành,1,255,100041143863979,facebook.com,2025-04-14T07:25:17.018Z,PageWebReplyCommentCrawlingLoader
fb_100022390988721,Hằng Nga,1,255,100022390988721,facebook.com,2025-04-14T07:25:17.018Z,PageWebReplyCommentCrawlingLoader
fb_100004331498446,Hãy Tốt Với Nhau,1,255,100004331498446,facebook.com,2025-04-14T07:25:17.018Z,PageWebReplyCommentCrawlingLoader
fb_100003957678719,Luân Lê,1,255,100003957678719,facebook.com,2025-04-14T07:25:17.018Z,PageWebReplyCommentCrawlingLoader
fb_100025521318328,P.Ngọc Thao,1,255,100025521318328,facebook.com,2025-04-14T07:25:17.018Z,PageWebReplyCommentCrawlingLoader
fb_61550326984136,Quang Phú,1,255,61550326984136,facebook.com,2025-04-14T07:25:17.019Z,PageWebReplyCommentCrawlingLoader
fb_100090693951117,Long PodChill,1,255,100090693951117,facebook.com,2025-04-14T07:25:17.019Z,PageWebReplyCommentCrawlingLoader
fb_100012239886895,Khổng Tuyến,1,255,100012239886895,facebook.com,2025-04-14T07:25:17.019Z,PageWebReplyCommentCrawlingLoader
fb_100004471936264,Hoaian Nguyen,1,255,100004471936264,facebook.com,2025-04-14T07:25:17.019Z,PageWebReplyCommentCrawlingLoader
fb_100049906250050,Kim Dung Trần,1,255,100049906250050,facebook.com,2025-04-14T07:25:17.019Z,PageWebReplyCommentCrawlingLoader
fb_100014367303280,Hien Nguyen,1,255,100014367303280,facebook.com,2025-04-14T07:25:17.020Z,PageWebReplyCommentCrawlingLoader
fb_100014432953089,Đỗ Đức,1,255,100014432953089,facebook.com,2025-04-14T07:25:17.020Z,PageWebReplyCommentCrawlingLoader
fb_100051452894856,Dũng Vũ,1,255,100051452894856,facebook.com,2025-04-14T07:25:17.020Z,PageWebReplyCommentCrawlingLoader
fb_100010312961532,Minh Phương,1,255,100010312961532,facebook.com,2025-04-14T07:25:17.020Z,PageWebReplyCommentCrawlingLoader
fb_100084155983987,Thu Nhi,1,255,100084155983987,facebook.com,2025-04-14T07:25:17.020Z,PageWebReplyCommentCrawlingLoader
fb_61553713805245,Sỏ Lá Ba Que,1,255,61553713805245,facebook.com,2025-04-14T07:25:17.021Z,PageWebReplyCommentCrawlingLoader
fb_100068643933783,Đỗ Sơn,1,255,100068643933783,facebook.com,2025-04-14T07:25:17.021Z,PageWebReplyCommentCrawlingLoader
fb_100048725820887,Kỳ Thư,1,255,100048725820887,facebook.com,2025-04-14T07:25:17.021Z,PageWebReplyCommentCrawlingLoader
fb_61565138563087,Ngân Thiên,1,255,61565138563087,facebook.com,2025-04-14T07:25:17.021Z,PageWebReplyCommentCrawlingLoader
fb_100027152192980,Nguyệt Dương,1,255,100027152192980,facebook.com,2025-04-14T07:25:17.021Z,PageWebReplyCommentCrawlingLoader
fb_100050619246043,Covid Nông,1,255,100050619246043,facebook.com,2025-04-14T07:25:17.022Z,PageWebReplyCommentCrawlingLoader
fb_100046958921518,Vũ Thị Chung,1,255,100046958921518,facebook.com,2025-04-14T07:25:17.022Z,PageWebReplyCommentCrawlingLoader
fb_100009541826034,Quốc Huy,1,255,100009541826034,facebook.com,2025-04-14T07:25:17.022Z,PageWebReplyCommentCrawlingLoader
fb_100024314867888,QC Quang Hân,1,255,100024314867888,facebook.com,2025-04-14T07:25:17.022Z,PageWebReplyCommentCrawlingLoader
fb_100057040929378,Phạm Tuấn,1,255,100057040929378,facebook.com,2025-04-14T07:25:19.734Z,PageWebReplyCommentCrawlingLoader
fb_100023823694455,Dang Dung,1,255,100023823694455,facebook.com,2025-04-14T07:25:19.734Z,PageWebReplyCommentCrawlingLoader
fb_100038074662070,Chú Đồng,1,255,100038074662070,facebook.com,2025-04-14T07:25:19.734Z,PageWebReplyCommentCrawlingLoader
fb_100001644512130,Dung My,1,255,100001644512130,facebook.com,2025-04-14T07:25:19.734Z,PageWebReplyCommentCrawlingLoader
fb_100025826344253,Trần Thị Loan,1,255,100025826344253,facebook.com,2025-04-14T07:25:19.735Z,PageWebReplyCommentCrawlingLoader
fb_100030269853594,Nguyễn Văn Chí,1,255,100030269853594,facebook.com,2025-04-14T07:25:19.735Z,PageWebReplyCommentCrawlingLoader
fb_100007375893265,Trần Tiến,1,255,100007375893265,facebook.com,2025-04-14T07:25:19.735Z,PageWebReplyCommentCrawlingLoader
fb_100035744100368,Nguyễn Sơn,1,255,100035744100368,facebook.com,2025-04-14T07:25:19.735Z,PageWebReplyCommentCrawlingLoader
fb_100010490613604,Hương Lan,1,255,100010490613604,facebook.com,2025-04-14T07:25:19.736Z,PageWebReplyCommentCrawlingLoader
fb_100014473805367,황반중,1,255,100014473805367,facebook.com,2025-04-14T07:25:19.736Z,PageWebReplyCommentCrawlingLoader
fb_100000687508509,Ha Dung,1,255,100000687508509,facebook.com,2025-04-14T07:25:19.736Z,PageWebReplyCommentCrawlingLoader
fb_100005714084709,Ut Nguyen,1,255,100005714084709,facebook.com,2025-04-14T07:25:19.736Z,PageWebReplyCommentCrawlingLoader
fb_100063531906415,Thanh Thanh Nguyen,1,255,100063531906415,facebook.com,2025-04-14T07:25:19.736Z,PageWebReplyCommentCrawlingLoader
fb_100009786376833,Nụ Nguyễn,1,255,100009786376833,facebook.com,2025-04-14T07:25:19.737Z,PageWebReplyCommentCrawlingLoader
fb_100033707673854,Khuat Dinh Thao,1,255,100033707673854,facebook.com,2025-04-14T07:25:19.737Z,PageWebReplyCommentCrawlingLoader
fb_100059311932496,Đức Tú,1,255,100059311932496,facebook.com,2025-04-14T07:25:19.737Z,PageWebReplyCommentCrawlingLoader
fb_61558490903372,Hân Giia,1,255,61558490903372,facebook.com,2025-04-14T07:25:19.738Z,PageWebReplyCommentCrawlingLoader
fb_61556997214040,Binh Hoang,1,255,61556997214040,facebook.com,2025-04-14T07:25:19.738Z,PageWebReplyCommentCrawlingLoader
fb_100019699172490,Hương Phan,1,255,100019699172490,facebook.com,2025-04-14T07:25:19.738Z,PageWebReplyCommentCrawlingLoader
fb_100086461675717,Rit The Rit The,1,255,100086461675717,facebook.com,2025-04-14T07:25:19.738Z,PageWebReplyCommentCrawlingLoader
fb_100024729138402,Trần Hà,1,255,100024729138402,facebook.com,2025-04-14T07:25:19.739Z,PageWebReplyCommentCrawlingLoader
fb_100032268231002,Hoang Truong,1,255,100032268231002,facebook.com,2025-04-14T07:25:19.739Z,PageWebReplyCommentCrawlingLoader
fb_100005390584104,Nguyễn Công Minh,1,255,100005390584104,facebook.com,2025-04-14T07:25:19.739Z,PageWebReplyCommentCrawlingLoader
fb_100010207990269,Tăng Thị Hằng,1,255,100010207990269,facebook.com,2025-04-14T07:25:19.739Z,PageWebReplyCommentCrawlingLoader
fb_100063822320429,Hữu Chiến,1,255,100063822320429,facebook.com,2025-04-14T07:25:19.739Z,PageWebReplyCommentCrawlingLoader
fb_100010893875132,Phuong Huynh,1,255,100010893875132,facebook.com,2025-04-14T07:25:19.740Z,PageWebReplyCommentCrawlingLoader
fb_100009287058630,Bđs Công Tuấn,1,255,100009287058630,facebook.com,2025-04-14T07:25:19.740Z,PageWebReplyCommentCrawlingLoader
fb_100030987674582,Bùi Trường,1,255,100030987674582,facebook.com,2025-04-14T07:25:19.740Z,PageWebReplyCommentCrawlingLoader
fb_100032359128418,Dương Bảo Xuân,1,255,100032359128418,facebook.com,2025-04-14T07:25:19.741Z,PageWebReplyCommentCrawlingLoader
fb_61555168719746,Quang Phan,1,255,61555168719746,facebook.com,2025-04-14T07:25:19.741Z,PageWebReplyCommentCrawlingLoader
fb_100070834837632,Hiếu Nguyễn,1,255,100070834837632,facebook.com,2025-04-14T07:25:19.741Z,PageWebReplyCommentCrawlingLoader
fb_100039309617198,Nam Lê Văn,1,255,100039309617198,facebook.com,2025-04-14T07:25:19.741Z,PageWebReplyCommentCrawlingLoader
fb_100010753775958,Tuan Nguyen,1,255,100010753775958,facebook.com,2025-04-14T07:25:19.742Z,PageWebReplyCommentCrawlingLoader
fb_100054489065743,Linh Hoai,1,255,100054489065743,facebook.com,2025-04-14T07:25:19.742Z,PageWebReplyCommentCrawlingLoader
fb_100044883571686,Thái Đồng,1,255,100044883571686,facebook.com,2025-04-14T07:25:19.743Z,PageWebReplyCommentCrawlingLoader
fb_100055282652497,Út Trần,1,255,100055282652497,facebook.com,2025-04-14T07:25:19.743Z,PageWebReplyCommentCrawlingLoader
fb_100004283883580,Lê Trần Vương,1,255,100004283883580,facebook.com,2025-04-14T07:25:19.743Z,PageWebReplyCommentCrawlingLoader
fb_100057906729586,Mùa A Trí,1,255,100057906729586,facebook.com,2025-04-14T07:25:19.744Z,PageWebReplyCommentCrawlingLoader
fb_100025310560668,Linh Chi,1,255,100025310560668,facebook.com,2025-04-14T07:25:19.744Z,PageWebReplyCommentCrawlingLoader
fb_100075367605292,Đinh Meo,1,255,100075367605292,facebook.com,2025-04-14T07:25:19.744Z,PageWebReplyCommentCrawlingLoader
fb_100014466577526,Huỳnh Ngọc Huệ,1,255,100014466577526,facebook.com,2025-04-14T07:25:19.745Z,PageWebReplyCommentCrawlingLoader
fb_100011768251702,Huỳnh Tấn Bảo,1,255,100011768251702,facebook.com,2025-04-14T07:25:19.745Z,PageWebReplyCommentCrawlingLoader
fb_100004086080851,Phan Tai,1,255,100004086080851,facebook.com,2025-04-14T07:25:41.876Z,PageWebReplyCommentCrawlingLoader
fb_100031184415599,Như Thủy,1,255,100031184415599,facebook.com,2025-04-14T07:25:46.117Z,PageWebReplyCommentCrawlingLoader
fb_100012454778955,Ly Ly,1,255,100012454778955,facebook.com,2025-04-14T07:25:46.117Z,PageWebReplyCommentCrawlingLoader
fb_61551039685876,Chùa Dương Hòa ,1,255,61551039685876,facebook.com,2025-04-14T07:25:48.570Z,PageWebReplyCommentCrawlingLoader
fb_61551039685876,Chùa Dương Hòa ,1,255,61551039685876,facebook.com,2025-04-14T07:26:05.224Z,PageWebReplyCommentCrawlingLoader
fb_61551039685876,Chùa Dương Hòa ,1,255,61551039685876,facebook.com,2025-04-14T07:26:06.900Z,PageWebReplyCommentCrawlingLoader
fb_100002765426068,Tuệ An,1,255,100002765426068,facebook.com,2025-04-14T07:26:06.900Z,PageWebReplyCommentCrawlingLoader
fb_61551039685876,Chùa Dương Hòa ,1,255,61551039685876,facebook.com,2025-04-14T07:26:08.207Z,PageWebReplyCommentCrawlingLoader
fb_61551039685876,Chùa Dương Hòa ,1,255,61551039685876,facebook.com,2025-04-14T07:26:09.709Z,PageWebReplyCommentCrawlingLoader
fb_61551039685876,Chùa Dương Hòa ,1,255,61551039685876,facebook.com,2025-04-14T07:26:13.111Z,PageWebReplyCommentCrawlingLoader
fb_61551039685876,Chùa Dương Hòa ,1,255,61551039685876,facebook.com,2025-04-14T07:26:14.321Z,PageWebReplyCommentCrawlingLoader
fb_100064621741408,Rich Nguyen,1,255,100064621741408,facebook.com,2025-04-14T07:26:35.186Z,PageWebReplyCommentCrawlingLoader
fb_100064621741408,Rich Nguyen,1,255,100064621741408,facebook.com,2025-04-14T07:26:47.874Z,PageWebReplyCommentCrawlingLoader
fb_100064621741408,Rich Nguyen,1,255,100064621741408,facebook.com,2025-04-14T07:26:51.778Z,PageWebReplyCommentCrawlingLoader
fb_100064621741408,Rich Nguyen,1,255,100064621741408,facebook.com,2025-04-14T07:26:57.350Z,PageWebReplyCommentCrawlingLoader
