id,id_source,retries,type,delay_time_rules,last_data_date,from_date,to_date,platform,createdBy,title
106219395449487_662696753175604,fb_106219395449487,0,2,,2024-04-10T08:23:37.667Z,1712737417,1744273417,1,PageWebCommentCrawlingLoader,Mercedes C300 AMG V1
912918568785331_1111561101008669,fb_912918568785331,0,2,,2024-04-10T08:23:37.727Z,1712737417,1744273417,1,PageWebCommentCrawlingLoader,🇻🇳🤝🇧🇪 Tổng Bí thư Tô
580092308859671_996220236051350,fb_580092308859671,0,2,,2024-04-10T08:23:37.766Z,1712737417,1744273417,1,PageWebCommentCrawlingLoader,CHỦ TỊCH XÃ VÙNG CAO
500110313184409_122126408474631788,fb_500110313184409,0,2,,2024-04-10T08:23:37.805Z,1712737417,1744273417,1,PageWebCommentCrawlingLoader,TẠI SAO PHẢI CHĂM DA
412814622123537_732299795804068,fb_412814622123537,0,2,,2024-04-10T08:23:37.845Z,1712737417,1744273417,1,PageWebCommentCrawlingLoader,🔴 #عاجل | سيدي بوزيد
453256501765196_1315094293470699,fb_453256501765196,0,2,,2024-04-10T08:23:37.925Z,1712737417,1744273417,1,PageWebCommentCrawlingLoader,"""Thứ 7 Hồng"" – Chung"
337090526150605_122175756548337343,fb_337090526150605,0,2,,2024-04-10T08:23:38.010Z,1712737418,1744273418,1,PageWebCommentCrawlingLoader,⁉️Tìm sữa háu ăn
416053019184945_1176363974210251,fb_416053019184945,0,2,,2024-04-10T08:23:38.090Z,1712737418,1744273418,1,PageWebCommentCrawlingLoader,👠 Giày 👉 50K 😂 Mà
107086868933141_675683482071336,fb_107086868933141,0,2,,2024-04-10T08:23:38.144Z,1712737418,1744273418,1,PageWebCommentCrawlingLoader,Chất Kem Ko Mê Ko
156909391134154_975137888066542,fb_156909391134154,0,2,,2024-04-10T08:23:38.214Z,1712737418,1744273418,1,PageWebCommentCrawlingLoader,#tqcfs5091 Mấy em
301428359876367_1091373259698147,fb_301428359876367,0,2,,2024-04-10T08:23:38.295Z,1712737418,1744273418,1,PageWebCommentCrawlingLoader,[SocialTrend Ranking
553821254489320_122112501320818539,fb_553821254489320,0,2,,2024-04-10T08:23:38.428Z,1712737418,1744273418,1,PageWebCommentCrawlingLoader,💥𝑺𝑶̂́𝑪 𝑯𝒐̛𝒏 1000 𝒕𝒊̉
391752931647265_1260598392740567,fb_391752931647265,0,2,,2024-04-10T08:23:38.537Z,1712737418,1744273418,1,PageWebCommentCrawlingLoader,Giáo xứ PhaoLo và
823476538024986_1002112515431918,fb_823476538024986,0,2,,2024-04-10T08:23:38.689Z,1712737418,1744273418,1,PageWebCommentCrawlingLoader,"Mỗi ngày niềng răng,"
476314028901752_122128095812648717,fb_476314028901752,0,2,,2024-04-10T08:23:38.738Z,1712737418,1744273418,1,PageWebCommentCrawlingLoader,👑GOLD 48K– KHƠI
271462397062417_1051032443558659,fb_271462397062417,0,2,,2024-04-10T08:23:38.796Z,1712737418,1744273418,1,PageWebCommentCrawlingLoader,Myanmar sau động
104104702150483_689033126997313,fb_104104702150483,0,2,,2024-04-10T08:23:38.849Z,1712737418,1744273418,1,PageWebCommentCrawlingLoader,/english below/ ĐI
116724526976_1135648008606855,fb_116724526976,0,2,,2024-04-10T08:23:38.905Z,1712737418,1744273418,1,PageWebCommentCrawlingLoader,The Department of
1083832911699535_1047789234053328,fb_1083832911699535,0,2,,2024-04-10T08:23:38.948Z,1712737418,1744273418,1,PageWebCommentCrawlingLoader,️🎉 KHÔNG GIAN CỰC
522976510901529_122120757596718294,fb_522976510901529,0,2,,2024-04-10T08:23:39.032Z,1712737419,1744273419,1,PageWebCommentCrawlingLoader,LYNK & CO VÕ VĂN
107269965034104_673851201830714,fb_107269965034104,0,2,,2024-04-10T08:23:39.118Z,1712737419,1744273419,1,PageWebCommentCrawlingLoader,👉 SẢN PHẨM MỚI ▪️Dép
1601446986753210_1242547741207727,fb_1601446986753210,0,2,,2024-04-10T08:23:39.175Z,1712737419,1744273419,1,PageWebCommentCrawlingLoader,🔥 Siêu phẩm iPhone
384786421387445_122152501196464040,fb_384786421387445,0,2,,2024-04-10T08:23:39.251Z,1712737419,1744273419,1,PageWebCommentCrawlingLoader,DU HỌC CÁC NGÀNH TRÍ
111688163954175_1244112434391101,fb_111688163954175,0,2,,2024-04-10T08:23:39.316Z,1712737419,1744273419,1,PageWebCommentCrawlingLoader,[MỖI NGÀY MỘT TIN
123224233280309_996800595856423,fb_123224233280309,0,2,,2024-04-10T08:23:39.418Z,1712737419,1744273419,1,PageWebCommentCrawlingLoader,"Đời người, khi đã"
102241771844930_1000583995600769,fb_102241771844930,0,2,,2024-04-10T08:23:39.461Z,1712737419,1744273419,1,PageWebCommentCrawlingLoader,THƯ NGỎ QUYÊN GÓP
459536660838035_1059444352869735,fb_459536660838035,0,2,,2024-04-10T08:23:39.536Z,1712737419,1744273419,1,PageWebCommentCrawlingLoader,🔥 THAY ĐỔI BẢN THÂN
108244958236293_685768873838726,fb_108244958236293,0,2,,2024-04-10T08:23:39.585Z,1712737419,1744273419,1,PageWebCommentCrawlingLoader,"Kỳ nghỉ lễ, chồng từ"
105481611224708_1278658203936549,fb_105481611224708,0,2,,2024-04-10T08:23:39.651Z,1712737419,1744273419,1,PageWebCommentCrawlingLoader,TP. Hồ Chí Minh:
431964959996072_122153077526519455,fb_431964959996072,0,2,,2024-04-10T08:23:39.705Z,1712737419,1744273419,1,PageWebCommentCrawlingLoader,Làm sao để trả lời
1543750059200286_713790517670775,fb_1543750059200286,0,2,,2024-04-10T08:23:39.745Z,1712737419,1744273419,1,PageWebCommentCrawlingLoader,🤝 HỆ THỐNG BỆNH VIỆN
100165932863589_629773676547314,fb_100165932863589,0,2,,2024-04-10T08:23:39.810Z,1712737419,1744273419,1,PageWebCommentCrawlingLoader,🔥Manh động ở Bến Cát
634595793063105_122114887646804688,fb_634595793063105,0,2,,2024-04-10T08:23:39.857Z,1712737419,1744273419,1,PageWebCommentCrawlingLoader,#reels
113198981720046_607247768984729,fb_113198981720046,0,2,,2024-04-10T08:23:39.954Z,1712737419,1744273419,1,PageWebCommentCrawlingLoader,😍 [MỖI NGÀY MỘT TIN
122097122600017594_122236240316019693,fb_122097122600017594,0,2,,2024-04-10T08:23:40.013Z,1712737420,1744273420,1,PageWebCommentCrawlingLoader,HỌC VIÊN CHIA SẺ SAU
103488811143440_668475999165604,fb_103488811143440,0,2,,2024-04-10T08:23:40.065Z,1712737420,1744273420,1,PageWebCommentCrawlingLoader,🔴🔴🔴 Vết đứt gãy ở
2014391348856235_714806867535622,fb_2014391348856235,0,2,,2024-04-10T08:23:40.147Z,1712737420,1744273420,1,PageWebCommentCrawlingLoader,⭐CẢM ƠN CÁC ĐỒNG CHÍ
112174501856668_593137970438374,fb_112174501856668,0,2,,2024-04-10T08:23:40.198Z,1712737420,1744273420,1,PageWebCommentCrawlingLoader,🌳 VACNE vừa công
107850169048064_510739452104274,fb_107850169048064,0,2,,2024-04-10T08:23:40.249Z,1712737420,1744273420,1,PageWebCommentCrawlingLoader,Giả bộ bất ngờ cho
119877379846976_1229599312507606,fb_119877379846976,0,2,,2024-04-10T08:23:40.301Z,1712737420,1744273420,1,PageWebCommentCrawlingLoader,💔 #790K đôi Adidas 
110005831941646_670966689184011,fb_110005831941646,0,2,,2024-04-10T08:23:40.366Z,1712737420,1744273420,1,PageWebCommentCrawlingLoader,C.ứu trợ đ.ộng đ.ất
100893809460309_641692702046970,fb_100893809460309,0,2,,2024-04-10T08:23:40.426Z,1712737420,1744273420,1,PageWebCommentCrawlingLoader,Engwe P20 phiên bản
348525235019671_122149927898426401,fb_348525235019671,0,2,,2024-04-10T08:23:40.490Z,1712737420,1744273420,1,PageWebCommentCrawlingLoader,Hà Nội: Chùa Cự Đà
614352585084519_122118246788773355,fb_614352585084519,0,2,,2024-04-10T08:23:40.549Z,1712737420,1744273420,1,PageWebCommentCrawlingLoader,🏍 CHÂN CHỐNG SH VN –
510788468777988_122132863304620237,fb_510788468777988,0,2,,2024-04-10T08:23:40.609Z,1712737420,1744273420,1,PageWebCommentCrawlingLoader,Việc thí điểm kéo
107534394782814_979621227618376,fb_107534394782814,0,2,,2024-04-10T08:23:40.651Z,1712737420,1744273420,1,PageWebCommentCrawlingLoader,"""Địa Đạo"" – Một bộ"
316175328256019_122126778524421586,fb_316175328256019,0,2,,2024-04-10T08:23:40.693Z,1712737420,1744273420,1,PageWebCommentCrawlingLoader,🌟 CHÙM TOUR KHÁM PHÁ
613522591843922_122093363012842970,fb_613522591843922,0,2,,2024-04-10T08:23:40.752Z,1712737420,1744273420,1,PageWebCommentCrawlingLoader,🎷 Ta nói á ưng đôi
154180304652867_1099292542227900,fb_154180304652867,0,2,,2024-04-10T08:23:40.802Z,1712737420,1744273420,1,PageWebCommentCrawlingLoader,“Cà khịa” ViruSs
105341037553186_1201247272002647,fb_105341037553186,0,2,,2024-04-10T08:23:40.844Z,1712737420,1744273420,1,PageWebCommentCrawlingLoader,💥💥💥 ĐĂNG KÝ NGAY ĐỂ
104110481867388_1004085071868988,fb_104110481867388,0,2,,2024-04-10T08:23:40.918Z,1712737420,1744273420,1,PageWebCommentCrawlingLoader,Một đôi dép của
580895638439202_122123029448749392,fb_580895638439202,0,2,,2024-04-10T08:23:40.978Z,1712737420,1744273420,1,PageWebCommentCrawlingLoader,🔥 MÃN NHÃN TRƯỚC
551816845310542_687124997000213,fb_551816845310542,0,2,,2024-04-10T08:23:41.034Z,1712737421,1744273421,1,PageWebCommentCrawlingLoader,Công tác PCCC là
324818237703136_712818038058445,fb_324818237703136,0,2,,2024-04-10T08:23:41.078Z,1712737421,1744273421,1,PageWebCommentCrawlingLoader,Sau 10 ngày thực
101696788465808_1109491984548919,fb_101696788465808,0,2,,2024-04-10T08:23:41.196Z,1712737421,1744273421,1,PageWebCommentCrawlingLoader,ขนหัวลุก
111997548225211_653417564106924,fb_111997548225211,0,2,,2024-04-10T08:23:41.279Z,1712737421,1744273421,1,PageWebCommentCrawlingLoader,Nhận đơn 1 chiếc
110000895319063_657782910552064,fb_110000895319063,0,2,,2024-04-10T08:23:41.321Z,1712737421,1744273421,1,PageWebCommentCrawlingLoader,Eo ơi mặt này tốn
103394951802227_1137516828402378,fb_103394951802227,0,2,,2024-04-10T08:23:41.371Z,1712737421,1744273421,1,PageWebCommentCrawlingLoader,[PARENT’S COMMENT]
201827219691026_122223352916226790,fb_201827219691026,0,2,,2024-04-10T08:23:41.447Z,1712737421,1744273421,1,PageWebCommentCrawlingLoader,Bạn đang tìm một
109062563819795_949375107388407,fb_109062563819795,0,2,,2025-03-17T06:01:53Z,1742191313,1744273421,1,PageWebCommentCrawlingLoader,GIÂY PHÚT HÃM PHANH
100282666102849_670429559085381,fb_100282666102849,0,2,,2024-04-10T08:23:41.777Z,1712737421,1744273421,1,PageWebCommentCrawlingLoader,🏹🏹🏹 Cảnh sát Cơ động
335345826331567_122171357030359587,fb_335345826331567,0,2,,2024-04-10T08:23:41.911Z,1712737421,1744273421,1,PageWebCommentCrawlingLoader,"""Mình thích một"
103897812344903_636267132501767,fb_103897812344903,0,2,,2024-04-10T08:23:42.065Z,1712737422,1744273422,1,PageWebCommentCrawlingLoader,Chủ Nhật 6/4 Em có
104104702150483_673673938533232,fb_104104702150483,0,2,,2024-04-10T08:23:42.220Z,1712737422,1744273422,1,PageWebCommentCrawlingLoader,🔥 THÀNG 3 ĐI ĐÂU
426082200829792_646787987944807,fb_426082200829792,0,2,,2024-04-10T08:23:42.343Z,1712737422,1744273422,1,PageWebCommentCrawlingLoader,CÔNG TY PHƯƠNG TRANG
109575838198850_689564836926309,fb_109575838198850,0,2,,2024-04-10T08:23:42.518Z,1712737422,1744273422,1,PageWebCommentCrawlingLoader,✌️Đúng thời điểm -
158949073975341_122208341366127347,fb_158949073975341,0,2,,2024-04-10T08:23:42.594Z,1712737422,1744273422,1,PageWebCommentCrawlingLoader,Em mê cái dép này
524462450749933_122120990930715745,fb_524462450749933,0,2,,2024-04-10T08:23:42.691Z,1712737422,1744273422,1,PageWebCommentCrawlingLoader,Ngày nào cũng có
413403988523083_122148044708515292,fb_413403988523083,0,2,,2024-04-10T08:23:42.750Z,1712737422,1744273422,1,PageWebCommentCrawlingLoader,BÍ QUYẾT NGĂN NGỪA
260016723863215_122185914434251160,fb_260016723863215,0,2,,2024-04-10T08:23:42.823Z,1712737422,1744273422,1,PageWebCommentCrawlingLoader,Drama nổi lên: Kim
105587125778801_655965440740490,fb_105587125778801,0,2,,2024-04-10T08:23:42.957Z,1712737422,1744273422,1,PageWebCommentCrawlingLoader,Sale buổi cuối các
229378073894785_1190752006197276,fb_229378073894785,0,2,,2024-04-10T08:23:42.999Z,1712737422,1744273422,1,PageWebCommentCrawlingLoader,Chúng ta đã cùng
345931238849136_673428288646626,fb_345931238849136,0,2,,2024-04-10T08:23:43.064Z,1712737423,1744273423,1,PageWebCommentCrawlingLoader,#9244 Nguyên 8a1 mập
1502551873371015_1280128100447282,fb_1502551873371015,0,2,,2024-04-10T08:23:43.149Z,1712737423,1744273423,1,PageWebCommentCrawlingLoader,NHỮNG THÓI QUEN GIÚP
457948054269660_1070820508398124,fb_457948054269660,0,2,,2024-04-10T08:23:43.216Z,1712737423,1744273423,1,PageWebCommentCrawlingLoader,Đã quá nản với
101397985281253_1074616254690431,fb_101397985281253,0,2,,2024-04-10T08:23:43.277Z,1712737423,1744273423,1,PageWebCommentCrawlingLoader,TÂM SINH LÝ CỦA BÉ
153397221917013_973701491600413,fb_153397221917013,0,2,,2024-04-10T08:23:43.361Z,1712737423,1744273423,1,PageWebCommentCrawlingLoader,Ngay lúc này gần 1M
494764733876467_1209389004529642,fb_494764733876467,0,2,,2024-04-10T08:23:43.447Z,1712737423,1744273423,1,PageWebCommentCrawlingLoader,💙 𝐅𝐄𝐄𝐃𝐁𝐀𝐂𝐊 𝐎𝐂𝐄𝐀𝐍 𝐄𝐃𝐔
103681348728385_652238670743350,fb_103681348728385,0,2,,2024-04-10T08:23:43.532Z,1712737423,1744273423,1,PageWebCommentCrawlingLoader,CỐ GẮNG LÀM TỐT HƠN
484335104772597_122120110598759283,fb_484335104772597,0,2,,2024-04-10T08:23:43.594Z,1712737423,1744273423,1,PageWebCommentCrawlingLoader,"FuIl () Kiếp trước,"
1251554968338850_983682183863944,fb_1251554968338850,0,2,,2024-04-10T08:23:43.661Z,1712737423,1744273423,1,PageWebCommentCrawlingLoader,Pháo tung tin nhắn
228458913833525_1072385294927747,fb_228458913833525,0,2,,2024-04-10T08:23:43.745Z,1712737423,1744273423,1,PageWebCommentCrawlingLoader,BA TRẬN ĐỘNG ĐẤT
659224374172694_1131870952072072,fb_659224374172694,0,2,,2024-04-10T08:23:43.812Z,1712737423,1744273423,1,PageWebCommentCrawlingLoader,"Đá ném xuống nước,"
461928720494456_984231760481650,fb_461928720494456,0,2,,2024-04-10T08:23:43.862Z,1712737423,1744273423,1,PageWebCommentCrawlingLoader,‼️HƯỚNG DẪN CHI TIẾT
112116718181463_654599573977022,fb_112116718181463,0,2,,2024-04-10T08:23:43.906Z,1712737423,1744273423,1,PageWebCommentCrawlingLoader,Theqoo: KOL người
122047940995329_122217054050037733,fb_122047940995329,0,2,,2024-04-10T08:23:44.046Z,1712737424,1744273424,1,PageWebCommentCrawlingLoader,CHÚNG TA CÓ THỂ BỊ
110397535239310_640822718874935,fb_110397535239310,0,2,,2024-04-10T08:23:44.128Z,1712737424,1744273424,1,PageWebCommentCrawlingLoader,🌟 TUYỂN DỤNG GẤP –
619493094577128_122113067756796451,fb_619493094577128,0,2,,2024-04-10T08:23:44.197Z,1712737424,1744273424,1,PageWebCommentCrawlingLoader,🌟 KHÁM PHÁ TIỀM NĂNG
110384388525491_635528382700039,fb_110384388525491,0,2,,2024-04-10T08:23:44.241Z,1712737424,1744273424,1,PageWebCommentCrawlingLoader,10 lý do tại sao
114291416694520_1188165086457696,fb_114291416694520,0,2,,2024-04-10T08:23:44.308Z,1712737424,1744273424,1,PageWebCommentCrawlingLoader,🏃‍♂️ Đặt vé để đến với
109623948257444_689462216949854,fb_109623948257444,0,2,,2024-04-10T08:23:44.367Z,1712737424,1744273424,1,PageWebCommentCrawlingLoader,PHƯỜNG 15 TỔ CHỨC
628354263686543_122114648762799900,fb_628354263686543,0,2,,2024-04-10T08:23:44.424Z,1712737424,1744273424,1,PageWebCommentCrawlingLoader,📣📣📣TIẾP TỤC TUYỂN
1290684834301417_1056836799808180,fb_1290684834301417,0,2,,2024-04-10T08:23:44.483Z,1712737424,1744273424,1,PageWebCommentCrawlingLoader,🌹 THẾ NÀO GỌI LÀ
228458913833525_1080866807412929,fb_228458913833525,0,2,,2024-04-10T08:23:44.577Z,1712737424,1744273424,1,PageWebCommentCrawlingLoader,"ÁP THUẾ TOÀN CẦU,"
319794105571937_1102475838565200,fb_319794105571937,0,2,,2024-04-10T08:23:44.653Z,1712737424,1744273424,1,PageWebCommentCrawlingLoader,C;ứu cô gái gặp nạn
831962000469612_1206045854224254,fb_831962000469612,0,2,,2024-04-10T08:23:44.776Z,1712737424,1744273424,1,PageWebCommentCrawlingLoader,Đại diện Sở VH&TT
2117731595156251_694047749639234,fb_2117731595156251,0,2,,2024-04-10T08:23:44.885Z,1712737424,1744273424,1,PageWebCommentCrawlingLoader,Làm thế nào để có vẻ
300970727156036_670345732170398,fb_300970727156036,0,2,,2024-04-10T08:23:44.993Z,1712737424,1744273424,1,PageWebCommentCrawlingLoader,Sáng ngày 31 tháng 3
466461833379932_974907008092286,fb_466461833379932,0,2,,2024-04-10T08:23:45.102Z,1712737425,1744273425,1,PageWebCommentCrawlingLoader,ĐỜI CHÓ HOANG  Tụi
1606974202935316_1080394560789485,fb_1606974202935316,0,2,,2024-04-10T08:23:45.171Z,1712737425,1744273425,1,PageWebCommentCrawlingLoader,✨ THÍ SINH NGUYỄN
