id,domain,link,fullname,priority,id_social,platform,minDateToPull,maxDateToPull,iPullItems,iPullItemsFromSourceErr,last_status,error_message,post_updated_at,post_last_date,uploadId,failed_total
UC-hGolA4ydwaNu55F22C1jg,youtube.com,youtube.com/channel/UC-hGolA4ydwaNu55F22C1jg,부러운노후,1,UC-hGolA4ydwaNu55F22C1jg,7,2024-07-23T09:38:45.259Z,2025-07-23T09:38:45.259Z,0,3,1,,,,,
UCvi1vowEbBVXHzhbJBofrJQ,youtube.com,youtube.com/channel/UCvi1vowEbBVXHzhbJBofrJQ,남박사TV,1,UCvi1vowEbBVXHzhbJBofrJQ,7,2025-05-14T03:29:40Z,2025-05-22T02:46:38Z,1,0,0,,1747383813,2025-06-10T02:55:06Z,UUvi1vowEbBVXHzhbJBofrJQ,0
UCwTeqOOcb4o64be9MnmxUUA,youtube.com,youtube.com/channel/UCwTeqOOcb4o64be9MnmxUUA,빅퀘스천 Big Questions,1,UCwTeqOOcb4o64be9MnmxUUA,7,2025-05-16T07:00:01Z,2025-05-17T04:00:48Z,1,0,0,,1747383716,2025-07-23T09:00:43Z,UUwTeqOOcb4o64be9MnmxUUA,0
UCwA3Gik5ZOnXKKV3RF1A8gQ,youtube.com,youtube.com/channel/UCwA3Gik5ZOnXKKV3RF1A8gQ,꿀단지,1,UCwA3Gik5ZOnXKKV3RF1A8gQ,7,2025-05-15T21:03:38Z,2025-05-17T21:06:04Z,1,0,0,,1747383736,2025-07-20T04:56:44Z,UUwA3Gik5ZOnXKKV3RF1A8gQ,0
UCwBfDJmnPe-dP5dsHNTm17g,youtube.com,youtube.com/channel/UCwBfDJmnPe-dP5dsHNTm17g,슬기로운초등생활,1,UCwBfDJmnPe-dP5dsHNTm17g,7,2025-05-16T00:00:58Z,2025-05-20T00:01:07Z,1,0,0,,1747383739,2025-07-22T00:00:41Z,UUwBfDJmnPe-dP5dsHNTm17g,0
UC03YL8rdyAGXBjFKGVbRVvA,youtube.com,youtube.com/channel/UC03YL8rdyAGXBjFKGVbRVvA,썰있냐,1,UC03YL8rdyAGXBjFKGVbRVvA,7,2024-07-23T09:38:17.048Z,2025-07-23T09:38:17.048Z,0,3,1,,,,,
UCvLhVCboLFpSirQ6hgahBcA,youtube.com,youtube.com/channel/UCvLhVCboLFpSirQ6hgahBcA,랭킹살롱,1,UCvLhVCboLFpSirQ6hgahBcA,7,2025-05-14T13:00:45Z,2025-05-16T13:01:06Z,1,0,0,,1747383866,2025-07-23T08:01:09Z,UUvLhVCboLFpSirQ6hgahBcA,0
UCwKY1AhPspYQGJPLALlzhig,youtube.com,youtube.com/channel/UCwKY1AhPspYQGJPLALlzhig,사건 바로미터,1,UCwKY1AhPspYQGJPLALlzhig,7,2025-05-16T06:00:10Z,2025-05-16T08:28:51Z,1,0,0,,1747383799,2025-07-22T06:30:30Z,UUwKY1AhPspYQGJPLALlzhig,0
UCv6nXR8A-wSidnF6H-2wQYg,youtube.com,youtube.com/channel/UCv6nXR8A-wSidnF6H-2wQYg,전대미문스튜디오,1,UCv6nXR8A-wSidnF6H-2wQYg,7,2025-05-14T07:00:46Z,2025-05-21T07:00:06Z,1,0,0,,1747383915,2025-07-23T07:00:57Z,UUv6nXR8A-wSidnF6H-2wQYg,0
UCwHzR_2_UTbZpyeIlRzRPNQ,youtube.com,youtube.com/channel/UCwHzR_2_UTbZpyeIlRzRPNQ,장사 권프로,1,UCwHzR_2_UTbZpyeIlRzRPNQ,7,2025-05-15T22:42:28Z,2025-05-17T06:01:00Z,1,0,0,,1747383733,2025-07-23T02:57:43Z,UUwHzR_2_UTbZpyeIlRzRPNQ,0
UCvigwlEujR1xpmskcfT8CLw,youtube.com,youtube.com/channel/UCvigwlEujR1xpmskcfT8CLw,탈모는 이마반,1,UCvigwlEujR1xpmskcfT8CLw,7,2025-05-14T08:00:38Z,2025-05-16T09:00:32Z,1,0,0,,1747383815,2025-07-23T08:01:01Z,UUvigwlEujR1xpmskcfT8CLw,0
UCv1Osp_VwPULxI_ahotzHRQ,youtube.com,youtube.com/channel/UCv1Osp_VwPULxI_ahotzHRQ,에스라소망교회,1,UCv1Osp_VwPULxI_ahotzHRQ,7,2025-05-13T08:34:30Z,2025-05-22T02:36:04Z,1,0,0,,1747383905,2025-07-16T13:44:53Z,UUv1Osp_VwPULxI_ahotzHRQ,0
UCwgLmKynP2SOWSbhy61ZeXA,youtube.com,youtube.com/channel/UCwgLmKynP2SOWSbhy61ZeXA,하하호호 클리닉,1,UCwgLmKynP2SOWSbhy61ZeXA,7,2025-05-14T08:37:33Z,2025-05-20T09:52:11Z,1,0,0,,1747383660,2025-07-05T07:55:52Z,UUwgLmKynP2SOWSbhy61ZeXA,0
UCwk9lqwELKosfEHrEdrVxow,youtube.com,youtube.com/channel/UCwk9lqwELKosfEHrEdrVxow,만화로 보는 맨큐의 경제학,1,UCwk9lqwELKosfEHrEdrVxow,7,2025-05-15T10:13:37Z,2025-05-18T03:15:03Z,1,0,0,,1747383664,2025-07-22T22:00:05Z,UUwk9lqwELKosfEHrEdrVxow,0
UCw-jbJS5imcVRnSrrCPr6ZQ,youtube.com,youtube.com/channel/UCw-jbJS5imcVRnSrrCPr6ZQ,언더우먼,1,UCw-jbJS5imcVRnSrrCPr6ZQ,7,2025-05-16T02:22:02Z,2025-05-19T02:13:13Z,1,0,0,,1747383774,2025-07-20T05:00:53Z,UUw-jbJS5imcVRnSrrCPr6ZQ,0
UCmBT5CqUxf3-K5_IU9tVtBg,youtube.com,youtube.com/channel/UCmBT5CqUxf3-K5_IU9tVtBg,VNAMEDIA - TRUNG TÂM NỘI DUNG SỐ VÀ TRUYỀN THÔNG,1,UCmBT5CqUxf3-K5_IU9tVtBg,7,2025-07-23T11:24:20Z,2025-07-23T11:07:17.526Z,0,3,1,,1741264172,2025-07-23T11:24:20Z,UCmBT5CqUxf3-K5_IU9tVtBg,
UCwkmZd9gxV5KT7DBIl_-YQw,youtube.com,youtube.com/channel/UCwkmZd9gxV5KT7DBIl_-YQw,풍수TV,1,UCwkmZd9gxV5KT7DBIl_-YQw,7,2025-05-16T07:58:24Z,2025-05-16T11:01:20Z,1,0,0,,1747383717,2025-07-23T06:50:01Z,UUwkmZd9gxV5KT7DBIl_-YQw,0
UCxbFaRc8OE86disi7t1yc-A,youtube.com,youtube.com/channel/UCxbFaRc8OE86disi7t1yc-A,코인은처음이라,1,UCxbFaRc8OE86disi7t1yc-A,7,2025-05-16T01:00:44Z,2025-05-16T09:00:28Z,1,0,0,,1747383787,2025-07-23T04:00:33Z,UUxbFaRc8OE86disi7t1yc-A,0
UCvgRYCzfZk0MtfV26AKRzZA,youtube.com,youtube.com/channel/UCvgRYCzfZk0MtfV26AKRzZA,통합과학 박선,1,UCvgRYCzfZk0MtfV26AKRzZA,7,2025-05-15T10:21:40Z,2025-05-16T10:01:13Z,1,0,0,,1747383815,2025-07-22T09:00:54Z,UUvgRYCzfZk0MtfV26AKRzZA,0
UCunCtv_c-la7PPHyLfn9O7w,youtube.com,youtube.com/channel/UCunCtv_c-la7PPHyLfn9O7w,이번생은 건생TV,1,UCunCtv_c-la7PPHyLfn9O7w,7,2025-05-15T10:00:27Z,2025-05-22T09:30:12Z,1,0,0,,1747383934,2025-07-22T23:30:12Z,UUunCtv_c-la7PPHyLfn9O7w,0
UCwhegDfCyzBBKZnJgs6ggqw,youtube.com,youtube.com/channel/UCwhegDfCyzBBKZnJgs6ggqw,롯데홈쇼핑 롯튜브,1,UCwhegDfCyzBBKZnJgs6ggqw,7,2025-05-16T06:30:22Z,2025-05-16T09:01:09Z,1,0,0,,1747383687,2025-07-23T07:01:04Z,UUwhegDfCyzBBKZnJgs6ggqw,0
UCv2gBTk8XHZZaWzAmQdPuXw,youtube.com,youtube.com/channel/UCv2gBTk8XHZZaWzAmQdPuXw,닥터지훈,1,UCv2gBTk8XHZZaWzAmQdPuXw,7,2025-05-15T09:00:36Z,2025-05-20T09:01:11Z,1,0,0,,1747383900,2025-07-20T09:00:29Z,UUv2gBTk8XHZZaWzAmQdPuXw,0
UCmBT5CqUxf3-K5_IU9tVtBg,youtube.com,youtube.com/channel/UCmBT5CqUxf3-K5_IU9tVtBg,VNAMEDIA - TRUNG TÂM NỘI DUNG SỐ VÀ TRUYỀN THÔNG,1,UCmBT5CqUxf3-K5_IU9tVtBg,7,2024-07-23T11:05:44.987Z,2025-07-23T11:05:44.988Z,0,3,1,,1741264172,2023-01-22T11:24:20Z,UCmBT5CqUxf3-K5_IU9tVtBg,
UCwEMIKoxiZ5Agq57NYSGkLg,youtube.com,youtube.com/channel/UCwEMIKoxiZ5Agq57NYSGkLg,남이사 리뷰,1,UCwEMIKoxiZ5Agq57NYSGkLg,7,2025-05-15T11:02:50Z,2025-05-16T09:15:01Z,1,0,0,,1747383724,2025-07-16T09:15:01Z,UUwEMIKoxiZ5Agq57NYSGkLg,0
UCvAbyziFdErNm3QKbfLRxGQ,youtube.com,youtube.com/channel/UCvAbyziFdErNm3QKbfLRxGQ,대장 곽두팔,1,UCvAbyziFdErNm3QKbfLRxGQ,7,2025-05-15T14:39:05Z,2025-05-16T11:26:44Z,1,0,0,,1747383888,2025-07-15T16:21:31Z,UUvAbyziFdErNm3QKbfLRxGQ,0
UCvm9ylXLRV3ntSXqitODNyw,youtube.com,youtube.com/channel/UCvm9ylXLRV3ntSXqitODNyw,Lydian 리디안,1,UCvm9ylXLRV3ntSXqitODNyw,7,2025-05-15T09:30:23Z,2025-05-21T09:30:36Z,1,0,0,,1747383797,2025-07-22T09:30:36Z,UUvm9ylXLRV3ntSXqitODNyw,0
UCucS6NT2a8Q5FkYLX_NKLrQ,youtube.com,youtube.com/channel/UCucS6NT2a8Q5FkYLX_NKLrQ,든든,1,UCucS6NT2a8Q5FkYLX_NKLrQ,7,2025-05-16T03:00:59Z,2025-05-16T09:10:00Z,1,0,0,,1747383958,2025-07-21T03:15:00Z,UUucS6NT2a8Q5FkYLX_NKLrQ,0
UCwZwJkJcqh4Ze0qgVfhwnJw,youtube.com,youtube.com/channel/UCwZwJkJcqh4Ze0qgVfhwnJw,슈콘,1,UCwZwJkJcqh4Ze0qgVfhwnJw,7,2025-05-15T16:18:35Z,2025-07-02T15:16:20Z,1,0,0,,1747383699,2025-07-23T08:59:45Z,UUwZwJkJcqh4Ze0qgVfhwnJw,0
UCuK32X0k8fz--WbI5KYKb6g,youtube.com,youtube.com/channel/UCuK32X0k8fz--WbI5KYKb6g,경일아(경제 읽어주는 아빠),1,UCuK32X0k8fz--WbI5KYKb6g,7,2025-05-16T01:36:56Z,2025-05-20T01:53:19Z,1,0,0,,1747384007,2025-07-23T00:45:33Z,UUuK32X0k8fz--WbI5KYKb6g,0
UCvkroS8ThnkkwPt2ajYVblw,youtube.com,youtube.com/channel/UCvkroS8ThnkkwPt2ajYVblw,역사야담 인물야담,1,UCvkroS8ThnkkwPt2ajYVblw,7,2025-05-16T01:01:02Z,2025-05-20T01:00:10Z,1,0,0,,1747383801,2025-07-23T04:00:53Z,UUvkroS8ThnkkwPt2ajYVblw,0
UCvhklB9mU7Y4kVFq7RsaDTw,youtube.com,youtube.com/channel/UCvhklB9mU7Y4kVFq7RsaDTw,dailywonder_kr,1,UCvhklB9mU7Y4kVFq7RsaDTw,7,2025-05-14T00:44:12Z,2025-05-19T06:05:39Z,1,0,0,,1747383813,2025-07-22T10:32:04Z,UUvhklB9mU7Y4kVFq7RsaDTw,0
UCuPe_chkvkEqMX98qvuQKwg,youtube.com,youtube.com/channel/UCuPe_chkvkEqMX98qvuQKwg,"주식하는아저씨 : 손실방어, 수익상승 정보",1,UCuPe_chkvkEqMX98qvuQKwg,7,2025-05-15T10:45:02Z,2025-05-16T10:45:02Z,1,0,0,,1747383981,2025-07-22T10:45:04Z,UUuPe_chkvkEqMX98qvuQKwg,0
UCzEVdE9szSTGVAV-S2aJhEA,youtube.com,youtube.com/channel/UCzEVdE9szSTGVAV-S2aJhEA,법학박사 법무사전문위원 김철중 TV,1,UCzEVdE9szSTGVAV-S2aJhEA,7,2025-05-16T06:14:58Z,2025-05-16T12:53:05Z,1,0,0,,1747383580,2025-07-23T09:39:02Z,UUzEVdE9szSTGVAV-S2aJhEA,0
UCvS5hW5HVgvQD5sMKLaBJbA,youtube.com,youtube.com/channel/UCvS5hW5HVgvQD5sMKLaBJbA,주식썰 용의꼬리올라타다,1,UCvS5hW5HVgvQD5sMKLaBJbA,7,2025-05-15T09:00:49Z,2025-05-16T09:00:59Z,1,0,0,,1747383867,2025-07-23T09:01:04Z,UUvS5hW5HVgvQD5sMKLaBJbA,0
UCw5WOiDY13DtackXcOElDrA,youtube.com,youtube.com/channel/UCw5WOiDY13DtackXcOElDrA,나크돌(최재권의 어른학교),1,UCw5WOiDY13DtackXcOElDrA,7,2025-05-15T14:24:27Z,2025-05-16T12:05:48Z,1,0,0,,1747383755,2025-07-17T13:39:17Z,UUw5WOiDY13DtackXcOElDrA,0
UCvrx6sAuWC0vnBFdnaMYJFw,youtube.com,youtube.com/channel/UCvrx6sAuWC0vnBFdnaMYJFw,보험언니 하니언니,1,UCvrx6sAuWC0vnBFdnaMYJFw,7,2025-05-16T08:01:12Z,2025-05-21T07:01:04Z,1,0,0,,1747383781,2025-07-07T07:01:07Z,UUvrx6sAuWC0vnBFdnaMYJFw,0
UCvQCmSsCRb8z3q0SO5JW8Pw,youtube.com,youtube.com/channel/UCvQCmSsCRb8z3q0SO5JW8Pw,하원장 강동현,1,UCvQCmSsCRb8z3q0SO5JW8Pw,7,2025-05-16T08:00:10Z,2025-05-23T08:00:29Z,1,0,0,,1747383856,2025-07-18T08:01:13Z,UUvQCmSsCRb8z3q0SO5JW8Pw,0
UCxJu_zqC7C6ioUmqfPVZ0tw,youtube.com,youtube.com/channel/UCxJu_zqC7C6ioUmqfPVZ0tw,미래교육학자신종우,1,UCxJu_zqC7C6ioUmqfPVZ0tw,7,2025-05-16T07:33:03Z,2025-05-16T08:38:02Z,1,0,0,,1747383675,2025-07-23T09:24:34Z,UUxJu_zqC7C6ioUmqfPVZ0tw,0
UCw9uTNNq52_A8lBF113xEmg,youtube.com,youtube.com/channel/UCw9uTNNq52_A8lBF113xEmg,"힘내짜샤(교사꿀팁,쉬운과학)",1,UCw9uTNNq52_A8lBF113xEmg,7,2025-05-15T02:51:59Z,2025-05-17T13:01:06Z,1,0,0,,1747383743,2025-07-20T13:01:22Z,UUw9uTNNq52_A8lBF113xEmg,0
UCwZTeeKyb1hT6sg8tfOaZiA,youtube.com,youtube.com/channel/UCwZTeeKyb1hT6sg8tfOaZiA,임다TV,1,UCwZTeeKyb1hT6sg8tfOaZiA,7,2025-05-15T11:38:07Z,2025-05-17T11:50:31Z,1,0,0,,1747383709,2025-07-22T13:00:44Z,UUwZTeeKyb1hT6sg8tfOaZiA,0
UC-zkxBfyGDUgKRapgUruBTw,youtube.com,youtube.com/channel/UC-zkxBfyGDUgKRapgUruBTw,업라이프tv,1,UC-zkxBfyGDUgKRapgUruBTw,7,2024-07-23T09:38:19.886Z,2025-07-23T09:38:19.886Z,0,3,1,,,,UU-zkxBfyGDUgKRapgUruBTw,
UCw1c11u1rXEHawoB3a6ZtoQ,youtube.com,youtube.com/channel/UCw1c11u1rXEHawoB3a6ZtoQ,MiliPreter 강천호 〈통역 병․준위․장교 클래스〉 카페 주소 http://cafe.naver.com/pathtosuccess,1,UCw1c11u1rXEHawoB3a6ZtoQ,7,2025-05-16T04:32:18Z,2025-05-17T03:53:31Z,1,0,0,,1747383776,2025-07-23T04:15:08Z,UUw1c11u1rXEHawoB3a6ZtoQ,0
UCuvnuWiY0ImG50zTz3fxgCA,youtube.com,youtube.com/channel/UCuvnuWiY0ImG50zTz3fxgCA,역사여행 사적돌 KoreaHistoryTravel,1,UCuvnuWiY0ImG50zTz3fxgCA,7,2025-05-15T10:15:04Z,2025-05-16T10:15:01Z,1,0,0,,1747383932,2025-07-22T10:15:01Z,UUuvnuWiY0ImG50zTz3fxgCA,0
UCwHT1OXtC1rwd7VGHY6HfwQ,youtube.com,youtube.com/channel/UCwHT1OXtC1rwd7VGHY6HfwQ,이거살템,1,UCwHT1OXtC1rwd7VGHY6HfwQ,7,2025-05-15T23:00:49Z,2025-05-16T23:00:48Z,1,0,0,,1747383715,2025-07-23T07:00:38Z,UUwHT1OXtC1rwd7VGHY6HfwQ,0
UCw9PqtWROREq54bbDlrEk6A,youtube.com,youtube.com/channel/UCw9PqtWROREq54bbDlrEk6A,JMEDU,1,UCw9PqtWROREq54bbDlrEk6A,7,2025-05-16T00:21:52Z,2025-05-16T13:23:48Z,1,0,0,,1747383746,2025-07-22T23:51:18Z,UUw9PqtWROREq54bbDlrEk6A,0
UCw_4pI7v7FlROZn5eQaw3XA,youtube.com,youtube.com/channel/UCw_4pI7v7FlROZn5eQaw3XA,반짝아방,1,UCw_4pI7v7FlROZn5eQaw3XA,7,2025-05-16T08:01:34Z,2025-05-17T12:50:50Z,1,0,0,,1747383684,2025-07-17T07:41:39Z,UUw_4pI7v7FlROZn5eQaw3XA,0
UCv8COrXw617mdNTzXL98RmQ,youtube.com,youtube.com/channel/UCv8COrXw617mdNTzXL98RmQ,ASMR Rain Spa,1,UCv8COrXw617mdNTzXL98RmQ,7,2025-05-13T15:45:11Z,2025-06-14T11:30:10Z,1,0,0,,1747383890,2025-07-04T15:15:03Z,UUv8COrXw617mdNTzXL98RmQ,0
UCwB7x65UzJSTYLBJNd3-Wbg,youtube.com,youtube.com/channel/UCwB7x65UzJSTYLBJNd3-Wbg,위장튼튼 한의사 김상태,1,UCwB7x65UzJSTYLBJNd3-Wbg,7,2025-05-14T21:00:02Z,2025-05-21T07:34:00Z,1,0,0,,1747383733,2025-07-22T07:00:29Z,UUwB7x65UzJSTYLBJNd3-Wbg,0
UCvGO9DOcQrviRegeoGlKn-Q,youtube.com,youtube.com/channel/UCvGO9DOcQrviRegeoGlKn-Q,친절한 의사,1,UCvGO9DOcQrviRegeoGlKn-Q,7,2025-05-15T01:00:51Z,2025-05-20T01:01:10Z,1,0,0,,1747383883,2025-07-23T01:00:18Z,UUvGO9DOcQrviRegeoGlKn-Q,0
UCwf2KSoOTg2LeVO22l3C9DA,youtube.com,youtube.com/channel/UCwf2KSoOTg2LeVO22l3C9DA,홍현우 일본어,1,UCwf2KSoOTg2LeVO22l3C9DA,7,2025-05-15T23:00:16Z,2025-05-16T11:00:14Z,1,0,0,,1747383661,2025-07-18T11:00:34Z,UUwf2KSoOTg2LeVO22l3C9DA,0
UCvdvPu_7TTcrZz1nGh98Sqg,youtube.com,youtube.com/channel/UCvdvPu_7TTcrZz1nGh98Sqg,오마르의 삶,1,UCvdvPu_7TTcrZz1nGh98Sqg,7,2025-05-15T09:00:21Z,2025-05-16T09:01:33Z,1,0,0,,1747383859,2025-07-23T09:01:26Z,UUvdvPu_7TTcrZz1nGh98Sqg,0
UCwdB1l8Uvrk__Vs33oVzYBA,youtube.com,youtube.com/channel/UCwdB1l8Uvrk__Vs33oVzYBA,English  & Korean,1,UCwdB1l8Uvrk__Vs33oVzYBA,7,2025-05-15T21:39:00Z,2025-05-16T21:56:02Z,1,0,0,,1747383670,2025-05-19T21:51:00Z,UUwdB1l8Uvrk__Vs33oVzYBA,0
UCwfljfAoyJ5VDrBLUm6CUKg,youtube.com,youtube.com/channel/UCwfljfAoyJ5VDrBLUm6CUKg,텃밭일기,1,UCwfljfAoyJ5VDrBLUm6CUKg,7,2025-05-15T03:15:03Z,2025-05-19T05:00:43Z,1,0,0,,1747383666,2025-07-21T02:20:00Z,UUwfljfAoyJ5VDrBLUm6CUKg,0
UCvEXgEePXxMQuvYR44D0-9A,youtube.com,youtube.com/channel/UCvEXgEePXxMQuvYR44D0-9A,진우쌤의 미인학개론,1,UCvEXgEePXxMQuvYR44D0-9A,7,2025-05-15T09:45:03Z,2025-05-19T10:03:38Z,1,0,0,,1747383875,2025-07-23T09:42:48Z,UUvEXgEePXxMQuvYR44D0-9A,0
UCuRUzrlTHlS36AyA7KbuhmA,youtube.com,youtube.com/channel/UCuRUzrlTHlS36AyA7KbuhmA,집수리교육 고집코리아,1,UCuRUzrlTHlS36AyA7KbuhmA,7,2025-05-15T11:15:09Z,2025-05-18T11:15:13Z,1,0,0,,1747383977,2025-07-22T11:15:02Z,UUuRUzrlTHlS36AyA7KbuhmA,0
UCwjiuJD0sDKqZWnlfLYk9PQ,youtube.com,youtube.com/channel/UCwjiuJD0sDKqZWnlfLYk9PQ,comeshop 코메샵,1,UCwjiuJD0sDKqZWnlfLYk9PQ,7,2025-05-16T04:24:02Z,2025-05-19T01:58:23Z,1,0,0,,1747383685,2025-07-23T07:31:05Z,UUwjiuJD0sDKqZWnlfLYk9PQ,0
UCvMdOuDojk1pVwHyH-E_LQA,youtube.com,youtube.com/channel/UCvMdOuDojk1pVwHyH-E_LQA,와니사이언스,1,UCvMdOuDojk1pVwHyH-E_LQA,7,2025-05-14T06:42:19Z,2025-05-22T01:50:36Z,1,0,0,,1747383866,2025-07-17T07:34:10Z,UUvMdOuDojk1pVwHyH-E_LQA,0
UCvVdyIjSEmPGtQlZG9X4H4Q,youtube.com,youtube.com/channel/UCvVdyIjSEmPGtQlZG9X4H4Q,파이팅팔콘 (부동산파일럿),1,UCvVdyIjSEmPGtQlZG9X4H4Q,7,2025-05-15T13:59:01Z,2025-05-16T09:22:11Z,1,0,0,,1747383851,2025-07-23T08:15:03Z,UUvVdyIjSEmPGtQlZG9X4H4Q,0
UCvQtOstZp8wdN4qrBHZex6g,youtube.com,youtube.com/channel/UCvQtOstZp8wdN4qrBHZex6g,딸칠꿀템,1,UCvQtOstZp8wdN4qrBHZex6g,7,2025-05-16T05:30:24Z,2025-05-17T01:00:25Z,1,0,0,,1747383870,2025-07-23T09:01:31Z,UUvQtOstZp8wdN4qrBHZex6g,0
UCvDZUaQA4bFNZkCI6V2olxQ,youtube.com,youtube.com/channel/UCvDZUaQA4bFNZkCI6V2olxQ,참명언,1,UCvDZUaQA4bFNZkCI6V2olxQ,7,2025-05-15T14:24:24Z,2025-05-16T11:31:26Z,1,0,0,,1747383873,2025-07-22T12:30:38Z,UUvDZUaQA4bFNZkCI6V2olxQ,0
UCv8PsRW3WrT45ydwpl0F74Q,youtube.com,youtube.com/channel/UCv8PsRW3WrT45ydwpl0F74Q,감동 드라마 - 해외 감동 사연,1,UCv8PsRW3WrT45ydwpl0F74Q,7,2025-05-15T03:59:40Z,2025-05-17T00:01:17Z,1,0,0,,1747383888,2025-07-22T05:07:50Z,UUv8PsRW3WrT45ydwpl0F74Q,0
UCvFqejfxHH-p5_qDzCrUbpA,youtube.com,youtube.com/channel/UCvFqejfxHH-p5_qDzCrUbpA,아트인문학,1,UCvFqejfxHH-p5_qDzCrUbpA,7,2025-05-13T11:30:01Z,2025-05-20T11:30:42Z,1,0,0,,1747383874,2025-07-22T11:30:31Z,UUvFqejfxHH-p5_qDzCrUbpA,0
UCwsnFDt_yphmIa4f-RJ0dVA,youtube.com,youtube.com/channel/UCwsnFDt_yphmIa4f-RJ0dVA,G스쿨,1,UCwsnFDt_yphmIa4f-RJ0dVA,7,2025-05-16T04:02:32Z,2025-05-16T08:43:20Z,1,0,0,,1747383646,2025-07-23T00:29:05Z,UUwsnFDt_yphmIa4f-RJ0dVA,0
UCwNXhHKqukfwtQUeJYLseLA,youtube.com,youtube.com/channel/UCwNXhHKqukfwtQUeJYLseLA,숏물상,1,UCwNXhHKqukfwtQUeJYLseLA,7,2025-05-14T09:39:54Z,2025-05-18T11:10:48Z,1,0,0,,1747383704,2025-05-31T07:08:03Z,UUwNXhHKqukfwtQUeJYLseLA,0
UCv3GJ9bS7GRSXl_sEUvZPbg,youtube.com,youtube.com/channel/UCv3GJ9bS7GRSXl_sEUvZPbg,알파제,1,UCv3GJ9bS7GRSXl_sEUvZPbg,7,2025-05-16T06:08:33Z,2025-05-16T19:53:03Z,1,0,0,,1747383910,2025-07-23T06:31:38Z,UUv3GJ9bS7GRSXl_sEUvZPbg,0
UCvehF_sAgbrD0SQBEbRjiJw,youtube.com,youtube.com/channel/UCvehF_sAgbrD0SQBEbRjiJw,편한 안경이야기ㅣ안경사 이승원,1,UCvehF_sAgbrD0SQBEbRjiJw,7,2025-05-14T09:01:26Z,2025-05-16T09:00:37Z,1,0,0,,1747383834,2025-07-23T08:00:22Z,UUvehF_sAgbrD0SQBEbRjiJw,0
UCvjEZ8ZY-CGcNQ1iuwJTV-A,youtube.com,youtube.com/channel/UCvjEZ8ZY-CGcNQ1iuwJTV-A,닥터 빌리프,1,UCvjEZ8ZY-CGcNQ1iuwJTV-A,7,2025-05-14T10:00:48Z,2025-05-17T08:00:11Z,1,0,0,,1747383802,2025-07-21T10:00:06Z,UUvjEZ8ZY-CGcNQ1iuwJTV-A,0
UCvil4OAt-zShzkKHsg9EQAw,youtube.com,youtube.com/channel/UCvil4OAt-zShzkKHsg9EQAw,김작가 TV,1,UCvil4OAt-zShzkKHsg9EQAw,7,2025-05-16T08:00:04Z,2025-05-16T09:00:17Z,1,0,0,,1747383894,2025-07-23T09:30:23Z,UUvil4OAt-zShzkKHsg9EQAw,0
UCvpEugMteInEZHSfUij4qqA,youtube.com,youtube.com/channel/UCvpEugMteInEZHSfUij4qqA,비트코인 도지파,1,UCvpEugMteInEZHSfUij4qqA,7,2025-05-15T12:36:17Z,2025-05-16T11:15:06Z,1,0,0,,1747383801,2025-07-22T12:49:15Z,UUvpEugMteInEZHSfUij4qqA,0
UCvWL8Y1rvHrUrTReJtAyiJw,youtube.com,youtube.com/channel/UCvWL8Y1rvHrUrTReJtAyiJw,마음의 울림,1,UCvWL8Y1rvHrUrTReJtAyiJw,7,2025-05-15T21:00:21Z,2025-05-18T21:00:44Z,1,0,0,,1747383840,2025-07-22T21:00:42Z,UUvWL8Y1rvHrUrTReJtAyiJw,0
UCw0XXRsEl1vNUy2xrXAokeQ,youtube.com,youtube.com/channel/UCw0XXRsEl1vNUy2xrXAokeQ,건강한 기억력,1,UCw0XXRsEl1vNUy2xrXAokeQ,7,2025-05-15T10:00:30Z,2025-05-16T10:00:01Z,1,0,0,,1747383778,2025-07-22T10:01:16Z,UUw0XXRsEl1vNUy2xrXAokeQ,0
UCvWhbmQ1T68sCOFRCtJDIUg,youtube.com,youtube.com/channel/UCvWhbmQ1T68sCOFRCtJDIUg,Boom TV 붐티비,1,UCvWhbmQ1T68sCOFRCtJDIUg,7,2025-05-15T09:01:17Z,2025-05-16T09:00:16Z,1,0,0,,1747383842,2025-07-21T09:01:12Z,UUvWhbmQ1T68sCOFRCtJDIUg,0
UCv188oBfepnJOTl3uWmmNAQ,youtube.com,youtube.com/channel/UCv188oBfepnJOTl3uWmmNAQ,선진부동산,1,UCv188oBfepnJOTl3uWmmNAQ,7,2025-05-15T07:00:01Z,2025-05-16T23:15:04Z,1,0,0,,1747383918,2025-07-22T07:00:09Z,UUv188oBfepnJOTl3uWmmNAQ,0
UCuadNOkkeJkUlygTHULA6Pw,youtube.com,youtube.com/channel/UCuadNOkkeJkUlygTHULA6Pw,일동동부교회,1,UCuadNOkkeJkUlygTHULA6Pw,7,2025-05-15T20:13:02Z,2025-05-16T09:16:28Z,1,0,0,,1747383985,2025-07-23T09:39:20Z,UUuadNOkkeJkUlygTHULA6Pw,0
UCvX6gfYWQj9V2eM9H9wWELQ,youtube.com,youtube.com/channel/UCvX6gfYWQj9V2eM9H9wWELQ,lallapalooza,1,UCvX6gfYWQj9V2eM9H9wWELQ,7,2025-05-14T09:42:03Z,2025-05-20T10:47:39Z,1,0,0,,1747383837,2025-07-19T13:11:09Z,UUvX6gfYWQj9V2eM9H9wWELQ,0
UCw50hWjmMs4EHT0Yz2VFvPQ,youtube.com,youtube.com/channel/UCw50hWjmMs4EHT0Yz2VFvPQ,쇼핑판타지,1,UCw50hWjmMs4EHT0Yz2VFvPQ,7,2025-05-15T01:01:36Z,2025-05-21T14:05:25Z,1,0,0,,1747383826,2025-06-12T01:49:24Z,UUw50hWjmMs4EHT0Yz2VFvPQ,0
UCv-spDeZBGYVUI9eGXGaLSg,youtube.com,youtube.com/channel/UCv-spDeZBGYVUI9eGXGaLSg,시윤주식,1,UCv-spDeZBGYVUI9eGXGaLSg,7,2025-05-15T09:30:06Z,2025-05-19T09:30:15Z,1,0,0,,1747383919,2025-07-23T09:30:17Z,UUv-spDeZBGYVUI9eGXGaLSg,0
UCuEuZrDg9XI65klLf2H3MGg,youtube.com,youtube.com/channel/UCuEuZrDg9XI65klLf2H3MGg,임영주TV,1,UCuEuZrDg9XI65klLf2H3MGg,7,2025-05-16T03:01:08Z,2025-05-19T08:15:21Z,1,0,0,,1747384007,2025-07-22T03:00:48Z,UUuEuZrDg9XI65klLf2H3MGg,0
UCuq_irF0a4dQA_FHkIwaPpQ,youtube.com,youtube.com/channel/UCuq_irF0a4dQA_FHkIwaPpQ,goldworld,1,UCuq_irF0a4dQA_FHkIwaPpQ,7,2025-05-15T19:50:34Z,2025-05-17T13:13:11Z,1,0,0,,1747383926,2025-07-22T22:09:32Z,UUuq_irF0a4dQA_FHkIwaPpQ,0
UCutJAdRH5iOCff0mhP-JFHQ,youtube.com,youtube.com/channel/UCutJAdRH5iOCff0mhP-JFHQ,네오바이오텍 / Neobiotech,1,UCutJAdRH5iOCff0mhP-JFHQ,7,2025-05-15T22:00:40Z,2025-05-20T23:01:03Z,1,0,0,,1747383926,2025-07-20T23:42:06Z,UUutJAdRH5iOCff0mhP-JFHQ,0
UCuOE6ontinp4TKaQJZj_08Q,youtube.com,youtube.com/channel/UCuOE6ontinp4TKaQJZj_08Q,귀로듣는간호조무사#귀간조#,1,UCuOE6ontinp4TKaQJZj_08Q,7,2025-05-14T12:01:04Z,2025-05-16T12:01:53Z,1,0,0,,1747384001,2025-07-22T12:00:06Z,UUuOE6ontinp4TKaQJZj_08Q,0
UCuyPP1FSCtco1oFCjS_A3eg,youtube.com,youtube.com/channel/UCuyPP1FSCtco1oFCjS_A3eg,복지콕콕!!,1,UCuyPP1FSCtco1oFCjS_A3eg,7,2025-05-15T15:01:01Z,2025-05-18T15:00:18Z,1,0,0,,1747383908,2025-07-21T15:00:07Z,UUuyPP1FSCtco1oFCjS_A3eg,0
UCuH8_elx31tCHX-IV-agtxQ,youtube.com,youtube.com/channel/UCuH8_elx31tCHX-IV-agtxQ,닥터슌,1,UCuH8_elx31tCHX-IV-agtxQ,7,2025-05-15T09:30:24Z,2025-05-16T09:30:38Z,1,0,0,,1747384012,2025-07-18T09:30:11Z,UUuH8_elx31tCHX-IV-agtxQ,0
UCuZcJ9BmhF0vbef4FjLBYdg,youtube.com,youtube.com/channel/UCuZcJ9BmhF0vbef4FjLBYdg,폴리타임즈,1,UCuZcJ9BmhF0vbef4FjLBYdg,7,2025-05-16T07:41:38Z,2025-05-16T10:18:42Z,1,0,0,,1747383960,2025-07-23T08:14:04Z,UUuZcJ9BmhF0vbef4FjLBYdg,0
UCvOPxvjo-orwR8lLEgdXsZQ,youtube.com,youtube.com/channel/UCvOPxvjo-orwR8lLEgdXsZQ,시니어차차차,1,UCvOPxvjo-orwR8lLEgdXsZQ,7,2025-05-14T01:29:27Z,2025-05-19T04:40:29Z,1,0,0,,1747383855,2025-07-20T05:33:55Z,UUvOPxvjo-orwR8lLEgdXsZQ,0
UCvKH-0hpS6Cqsb-l8e8kZ4w,youtube.com,youtube.com/channel/UCvKH-0hpS6Cqsb-l8e8kZ4w,왕쌤 중국어,1,UCvKH-0hpS6Cqsb-l8e8kZ4w,7,2025-05-15T14:20:36Z,2025-05-18T01:09:02Z,1,0,0,,1747383870,2025-07-22T15:00:44Z,UUvKH-0hpS6Cqsb-l8e8kZ4w,0
UCuS2Jmo1c-Td8HMU7shZBpw,youtube.com,youtube.com/channel/UCuS2Jmo1c-Td8HMU7shZBpw,나의닥터,1,UCuS2Jmo1c-Td8HMU7shZBpw,7,2025-05-13T09:00:47Z,2025-05-16T09:00:29Z,1,0,0,,1747383979,2025-07-17T09:00:10Z,UUuS2Jmo1c-Td8HMU7shZBpw,0
UCvW8norVMTLt7QN-s2pS4Bw,youtube.com,youtube.com/channel/UCvW8norVMTLt7QN-s2pS4Bw,조승연의 탐구생활,1,UCvW8norVMTLt7QN-s2pS4Bw,7,2025-05-14T10:41:08Z,2025-05-17T03:00:39Z,1,0,0,,1747383842,2025-07-19T03:00:16Z,UUvW8norVMTLt7QN-s2pS4Bw,0
UCuW7R3vNImoDE7mYhBEnwxA,youtube.com,youtube.com/channel/UCuW7R3vNImoDE7mYhBEnwxA,한국불교연구원 Institute for Buddhist Studies,1,UCuW7R3vNImoDE7mYhBEnwxA,7,2025-05-15T23:30:22Z,2025-05-23T00:05:58Z,1,0,0,,1747383971,2025-07-17T01:07:39Z,UUuW7R3vNImoDE7mYhBEnwxA,0
UCvGvf3Lk0Z5reU544g_SzPg,youtube.com,youtube.com/channel/UCvGvf3Lk0Z5reU544g_SzPg,비트 BTE,1,UCvGvf3Lk0Z5reU544g_SzPg,7,2025-05-15T11:00:48Z,2025-05-16T11:01:27Z,1,0,0,,1747383881,2025-07-22T11:00:59Z,UUvGvf3Lk0Z5reU544g_SzPg,0
UCuUwtenNZDU3Cng2YGF1jeg,youtube.com,youtube.com/channel/UCuUwtenNZDU3Cng2YGF1jeg,마이클래스영어,1,UCuUwtenNZDU3Cng2YGF1jeg,7,2025-05-15T14:38:58Z,2025-05-16T13:01:52Z,1,0,0,,1747384001,2025-07-22T15:15:10Z,UUuUwtenNZDU3Cng2YGF1jeg,0
UCvK_ar94josSbAF3rmU0rCA,youtube.com,youtube.com/channel/UCvK_ar94josSbAF3rmU0rCA,산소약사 TV,1,UCvK_ar94josSbAF3rmU0rCA,7,2025-05-15T01:45:00Z,2025-05-16T09:30:18Z,1,0,0,,1747383859,2025-07-21T01:15:03Z,UUvK_ar94josSbAF3rmU0rCA,0
UCzeqWwJMFvKWjqk2D2m38jg,youtube.com,youtube.com/channel/UCzeqWwJMFvKWjqk2D2m38jg,알뜰몬스터tv,1,UCzeqWwJMFvKWjqk2D2m38jg,7,2025-05-16T08:08:14Z,2025-05-16T08:38:49Z,1,0,0,,1747383207,2025-07-23T09:08:46Z,UUzeqWwJMFvKWjqk2D2m38jg,0
UCw8pcmyPWGSik7bjJpeINlA,youtube.com,youtube.com/channel/UCw8pcmyPWGSik7bjJpeINlA,기릿의 주식노트 Let's Get It,1,UCw8pcmyPWGSik7bjJpeINlA,7,2025-05-16T08:15:08Z,2025-05-17T07:12:43Z,1,0,0,,1747383806,2025-07-23T08:15:04Z,UUw8pcmyPWGSik7bjJpeINlA,0
UCwe7e4DLKnt3I6MmOB-gjMw,youtube.com,youtube.com/channel/UCwe7e4DLKnt3I6MmOB-gjMw,필살합기도,1,UCwe7e4DLKnt3I6MmOB-gjMw,7,2025-05-16T08:00:27Z,2025-05-16T09:00:06Z,1,0,0,,1747383740,2025-07-23T09:00:01Z,UUwe7e4DLKnt3I6MmOB-gjMw,0
UCwn0o3-PDrNIsDI0aAUVcqw,youtube.com,youtube.com/channel/UCwn0o3-PDrNIsDI0aAUVcqw,양평시대부동산 양평전원주택 급매물,1,UCwn0o3-PDrNIsDI0aAUVcqw,7,2025-05-14T10:00:46Z,2025-05-21T04:23:45Z,1,0,0,,1747383651,2025-07-23T03:00:46Z,UUwn0o3-PDrNIsDI0aAUVcqw,0
UC-oS6KmV96PK-z-pQI19NEQ,youtube.com,youtube.com/channel/UC-oS6KmV96PK-z-pQI19NEQ,인생스토리,1,UC-oS6KmV96PK-z-pQI19NEQ,7,2024-07-23T09:38:33.198Z,2025-07-23T09:38:33.198Z,0,3,1,,,,,
UCuNQriIxX4RNwuhBxCWVT4g,youtube.com,youtube.com/channel/UCuNQriIxX4RNwuhBxCWVT4g,교육티타임,1,UCuNQriIxX4RNwuhBxCWVT4g,7,2025-05-14T23:39:03Z,2025-05-22T00:24:44Z,1,0,0,,1747383990,2025-07-03T03:00:31Z,UUuNQriIxX4RNwuhBxCWVT4g,0
