id,mapping_id,fullname,platform,link,id_social,created_date,domain,createdBy
tr_63453385973,tr_63453385973,staygoldentori,10,threads.net/@staygoldentori,63453385973,2025-07-28T18:39:25.356Z,threads.net,ThreadsRepostNoCookieCrawlingLoader
tr_63135563185,tr_63135563185,fishing_bay2ga,10,threads.net/@fishing_bay2ga,63135563185,2025-07-28T18:39:25.356Z,threads.net,ThreadsRepostNoCookieCrawlingLoader
tr_63149309480,tr_63149309480,jstlbby,10,threads.net/@jstlbby,63149309480,2025-07-28T18:39:25.356Z,threads.net,ThreadsRepostNoCookieCrawlingLoader
tr_63326944037,tr_63326944037,mrwilliamsprek,10,threads.net/@mrwilliamsprek,63326944037,2025-07-28T18:39:25.356Z,threads.net,ThreadsRepostNoCookieCrawlingLoader
tr_63321737011,tr_63321737011,shitszngiggles,10,threads.net/@shitszngiggles,63321737011,2025-07-28T18:39:25.356Z,threads.net,ThreadsRepostNoCookieCrawlingLoader
tr_66256428166,tr_66256428166,_ngngkha.aii_,10,threads.net/@_ngngkha.aii_,66256428166,2025-07-28T18:39:26.960Z,threads.net,ThreadsSourceReplyNoCookieCrawlingLoader
tr_63071964699,tr_63071964699,codingwithroby,10,threads.net/@codingwithroby,63071964699,2025-07-28T18:39:26.960Z,threads.net,ThreadsSourceReplyNoCookieCrawlingLoader
tr_63690810077,tr_63690810077,stefanmunz,10,threads.net/@stefanmunz,63690810077,2025-07-28T18:39:26.960Z,threads.net,ThreadsSourceReplyNoCookieCrawlingLoader
tr_64777824246,tr_64777824246,kjmhye,10,threads.net/@kjmhye,64777824246,2025-07-28T18:39:29.845Z,threads.net,ThreadsPostCommentCrawlingLoader
tr_63134134631,tr_63134134631,enzymm_241,10,threads.net/@enzymm_241,63134134631,2025-07-28T18:39:29.845Z,threads.net,ThreadsPostCommentCrawlingLoader
tr_63375136379,tr_63375136379,ngghuynhip,10,threads.net/@ngghuynhip,63375136379,2025-07-28T18:39:30.243Z,threads.net,ThreadsSourceReplyNoCookieCrawlingLoader
tr_68888886611,tr_68888886611,_haf.phwon9_,10,threads.net/@_haf.phwon9_,68888886611,2025-07-28T18:39:30.332Z,threads.net,ThreadsRepostNoCookieCrawlingLoader
tr_75883259477,tr_75883259477,nguyenvantrieu983,10,threads.net/@nguyenvantrieu983,75883259477,2025-07-28T18:39:31.686Z,threads.net,ThreadsPostCommentCrawlingLoader
tr_68730273674,tr_68730273674,tnhi.depgaii,10,threads.net/@tnhi.depgaii,68730273674,2025-07-28T18:39:31.686Z,threads.net,ThreadsPostCommentCrawlingLoader
tr_63284195489,tr_63284195489,iam_ngoznhyz,10,threads.net/@iam_ngoznhyz,63284195489,2025-07-28T18:39:31.686Z,threads.net,ThreadsPostCommentCrawlingLoader
tr_72722910044,tr_72722910044,_ttien.qtpe_,10,threads.net/@_ttien.qtpe_,72722910044,2025-07-28T18:39:31.686Z,threads.net,ThreadsPostCommentCrawlingLoader
tr_75714234087,tr_75714234087,ihongn_,10,threads.net/@ihongn_,75714234087,2025-07-28T18:39:31.686Z,threads.net,ThreadsPostCommentCrawlingLoader
tr_75728960997,tr_75728960997,lucasnguyenn_12,10,threads.net/@lucasnguyenn_12,75728960997,2025-07-28T18:39:31.686Z,threads.net,ThreadsPostCommentCrawlingLoader
tr_67626712639,tr_67626712639,deptrainhatmeta,10,threads.net/@deptrainhatmeta,67626712639,2025-07-28T18:39:31.686Z,threads.net,ThreadsPostCommentCrawlingLoader
tr_74998434139,tr_74998434139,btxaukiu,10,threads.net/@btxaukiu,74998434139,2025-07-28T18:39:31.686Z,threads.net,ThreadsPostCommentCrawlingLoader
tr_64020693495,tr_64020693495,kkngann._,10,threads.net/@kkngann._,64020693495,2025-07-28T18:39:31.686Z,threads.net,ThreadsPostCommentCrawlingLoader
tr_75893304876,tr_75893304876,lananh762025,10,threads.net/@lananh762025,75893304876,2025-07-28T18:39:31.686Z,threads.net,ThreadsPostCommentCrawlingLoader
tr_75690124865,tr_75690124865,ceyy21696,10,threads.net/@ceyy21696,75690124865,2025-07-28T18:39:31.686Z,threads.net,ThreadsPostCommentCrawlingLoader
tr_66888365026,tr_66888365026,_ine.nhiee_,10,threads.net/@_ine.nhiee_,66888365026,2025-07-28T18:39:31.686Z,threads.net,ThreadsPostCommentCrawlingLoader
tr_75519750873,tr_75519750873,natran_daayy,10,threads.net/@natran_daayy,75519750873,2025-07-28T18:39:31.686Z,threads.net,ThreadsPostCommentCrawlingLoader
tr_75191899566,tr_75191899566,buzchux,10,threads.net/@buzchux,75191899566,2025-07-28T18:39:31.686Z,threads.net,ThreadsPostCommentCrawlingLoader
tr_73520693844,tr_73520693844,natsu_11vy,10,threads.net/@natsu_11vy,73520693844,2025-07-28T18:39:31.686Z,threads.net,ThreadsPostCommentCrawlingLoader
tr_73997838468,tr_73997838468,tin.tran55,10,threads.net/@tin.tran55,73997838468,2025-07-28T18:39:31.686Z,threads.net,ThreadsPostCommentCrawlingLoader
tr_75669687268,tr_75669687268,ghawn.hwn,10,threads.net/@ghawn.hwn,75669687268,2025-07-28T18:39:31.686Z,threads.net,ThreadsPostCommentCrawlingLoader
tr_75082738209,tr_75082738209,bunn_huongg,10,threads.net/@bunn_huongg,75082738209,2025-07-28T18:39:31.686Z,threads.net,ThreadsPostCommentCrawlingLoader
tr_68054690404,tr_68054690404,meo_htp_1411,10,threads.net/@meo_htp_1411,68054690404,2025-07-28T18:39:31.686Z,threads.net,ThreadsPostCommentCrawlingLoader
tr_65118592399,tr_65118592399,vedhamukhi852g7,10,threads.net/@vedhamukhi852g7,65118592399,2025-07-28T18:39:32.078Z,threads.net,ThreadsRepostNoCookieCrawlingLoader
tr_66380751137,tr_66380751137,93fcc,10,threads.net/@93fcc,66380751137,2025-07-28T18:39:32.078Z,threads.net,ThreadsRepostNoCookieCrawlingLoader
tr_63605104626,tr_63605104626,jessi_e1a,10,threads.net/@jessi_e1a,63605104626,2025-07-28T18:39:32.078Z,threads.net,ThreadsRepostNoCookieCrawlingLoader
tr_63296264933,tr_63296264933,annaa98_98,10,threads.net/@annaa98_98,63296264933,2025-07-28T18:39:32.565Z,threads.net,ThreadsReplyPostCrawlingLoader
tr_63296264933,tr_63296264933,annaa98_98,10,threads.net/@annaa98_98,63296264933,2025-07-28T18:39:32.485Z,threads.net,ThreadsReplyPostCrawlingLoader
tr_70251166907,tr_70251166907,_ngnminhhieu2002_,10,threads.net/@_ngnminhhieu2002_,70251166907,2025-07-28T18:39:32.485Z,threads.net,ThreadsReplyPostCrawlingLoader
tr_70170604928,tr_70170604928,myhanh7113,10,threads.net/@myhanh7113,70170604928,2025-07-28T18:39:32.485Z,threads.net,ThreadsReplyPostCrawlingLoader
tr_70251166907,tr_70251166907,_ngnminhhieu2002_,10,threads.net/@_ngnminhhieu2002_,70251166907,2025-07-28T18:39:32.565Z,threads.net,ThreadsReplyPostCrawlingLoader
tr_70199964135,tr_70199964135,rachellaureng,10,threads.net/@rachellaureng,70199964135,2025-07-28T18:39:32.716Z,threads.net,ThreadsReplyPostCrawlingLoader
tr_75082338733,tr_75082338733,eyesea444,10,threads.net/@eyesea444,75082338733,2025-07-28T18:39:32.716Z,threads.net,ThreadsReplyPostCrawlingLoader
tr_71704497305,tr_71704497305,kjcmag,10,threads.net/@kjcmag,71704497305,2025-07-28T18:39:32.842Z,threads.net,ThreadsReplyPostCrawlingLoader
tr_65546631712,tr_65546631712,ejohnh1,10,threads.net/@ejohnh1,65546631712,2025-07-28T18:39:32.842Z,threads.net,ThreadsReplyPostCrawlingLoader
tr_70251166907,tr_70251166907,_ngnminhhieu2002_,10,threads.net/@_ngnminhhieu2002_,70251166907,2025-07-28T18:39:32.922Z,threads.net,ThreadsReplyPostCrawlingLoader
tr_63296264933,tr_63296264933,annaa98_98,10,threads.net/@annaa98_98,63296264933,2025-07-28T18:39:33.653Z,threads.net,ThreadsReplyPostCrawlingLoader
tr_70251166907,tr_70251166907,_ngnminhhieu2002_,10,threads.net/@_ngnminhhieu2002_,70251166907,2025-07-28T18:39:33.653Z,threads.net,ThreadsReplyPostCrawlingLoader
tr_65112209588,tr_65112209588,minbetiiii,10,threads.net/@minbetiiii,65112209588,2025-07-28T18:39:34.375Z,threads.net,ThreadsSourceReplyNoCookieCrawlingLoader
tr_70599382589,tr_70599382589,ke.obongiu,10,threads.net/@ke.obongiu,70599382589,2025-07-28T18:39:34.973Z,threads.net,ThreadsReplyPostCrawlingLoader
tr_67761217636,tr_67761217636,mbbiii_,10,threads.net/@mbbiii_,67761217636,2025-07-28T18:39:35.362Z,threads.net,ThreadsSourceReplyNoCookieCrawlingLoader
tr_69688002434,tr_69688002434,iunamiuoi,10,threads.net/@iunamiuoi,69688002434,2025-07-28T18:39:47.445Z,threads.net,ThreadsSourceReplyNoCookieCrawlingLoader
tr_70488674347,tr_70488674347,_chocopiekewt_,10,threads.net/@_chocopiekewt_,70488674347,2025-07-28T18:40:07.206Z,threads.net,ThreadsSourceReplyNoCookieCrawlingLoader
tr_73787367803,tr_73787367803,minhminh060601,10,threads.net/@minhminh060601,73787367803,2025-07-28T18:40:08.975Z,threads.net,ThreadsSourceReplyNoCookieCrawlingLoader
tr_63535085607,tr_63535085607,ngoannhatxom_,10,threads.net/@ngoannhatxom_,63535085607,2025-07-28T18:40:08.975Z,threads.net,ThreadsSourceReplyNoCookieCrawlingLoader
tr_65841454770,tr_65841454770,laalaa.345,10,threads.net/@laalaa.345,65841454770,2025-07-28T18:40:08.975Z,threads.net,ThreadsSourceReplyNoCookieCrawlingLoader
tr_63041078213,tr_63041078213,_18_2_2002_,10,threads.net/@_18_2_2002_,63041078213,2025-07-28T18:40:08.975Z,threads.net,ThreadsSourceReplyNoCookieCrawlingLoader
tr_63045046302,tr_63045046302,hnao.mik,10,threads.net/@hnao.mik,63045046302,2025-07-28T18:40:08.975Z,threads.net,ThreadsSourceReplyNoCookieCrawlingLoader
tr_71209182546,tr_71209182546,phuong_anh.21,10,threads.net/@phuong_anh.21,71209182546,2025-07-28T18:40:08.975Z,threads.net,ThreadsSourceReplyNoCookieCrawlingLoader
tr_63510880531,tr_63510880531,auis_bi,10,threads.net/@auis_bi,63510880531,2025-07-28T18:40:09.394Z,threads.net,ThreadsReplyPostCrawlingLoader
tr_69969664549,tr_69969664549,pluviophile.mystory,10,threads.net/@pluviophile.mystory,69969664549,2025-07-28T18:40:09.689Z,threads.net,ThreadsReplyPostCrawlingLoader
tr_68178544390,tr_68178544390,mit.yeeu,10,threads.net/@mit.yeeu,68178544390,2025-07-28T18:40:09.920Z,threads.net,ThreadsReplyPostCrawlingLoader
tr_73321025721,tr_73321025721,chamberland.marco,10,threads.net/@chamberland.marco,73321025721,2025-07-28T18:40:09.919Z,threads.net,ThreadsSourceReplyNoCookieCrawlingLoader
tr_66486219617,tr_66486219617,fredericderlich,10,threads.net/@fredericderlich,66486219617,2025-07-28T18:40:09.919Z,threads.net,ThreadsSourceReplyNoCookieCrawlingLoader
tr_70926523616,tr_70926523616,clarebirdburn,10,threads.net/@clarebirdburn,70926523616,2025-07-28T18:40:09.919Z,threads.net,ThreadsSourceReplyNoCookieCrawlingLoader
tr_63301064731,tr_63301064731,essyjayee,10,threads.net/@essyjayee,63301064731,2025-07-28T18:40:09.919Z,threads.net,ThreadsSourceReplyNoCookieCrawlingLoader
tr_75719200347,tr_75719200347,wokoma_jenewari,10,threads.net/@wokoma_jenewari,75719200347,2025-07-28T18:40:09.919Z,threads.net,ThreadsSourceReplyNoCookieCrawlingLoader
tr_73323058273,tr_73323058273,totti.ham.an,10,threads.net/@totti.ham.an,73323058273,2025-07-28T18:40:09.919Z,threads.net,ThreadsSourceReplyNoCookieCrawlingLoader
tr_63243113780,tr_63243113780,a_southerndrawl,10,threads.net/@a_southerndrawl,63243113780,2025-07-28T18:40:09.919Z,threads.net,ThreadsSourceReplyNoCookieCrawlingLoader
tr_68792330548,tr_68792330548,alumonachinyere,10,threads.net/@alumonachinyere,68792330548,2025-07-28T18:40:09.919Z,threads.net,ThreadsSourceReplyNoCookieCrawlingLoader
tr_75501497160,tr_75501497160,coco__0924,10,threads.net/@coco__0924,75501497160,2025-07-28T18:40:09.919Z,threads.net,ThreadsSourceReplyNoCookieCrawlingLoader
tr_63385222502,tr_63385222502,theschoellerfamily,10,threads.net/@theschoellerfamily,63385222502,2025-07-28T18:40:09.919Z,threads.net,ThreadsSourceReplyNoCookieCrawlingLoader
tr_63099295068,tr_63099295068,linhlng_,10,threads.net/@linhlng_,63099295068,2025-07-28T18:40:09.920Z,threads.net,ThreadsReplyPostCrawlingLoader
tr_67131720965,tr_67131720965,khanhphuong.paige,10,threads.net/@khanhphuong.paige,67131720965,2025-07-28T18:40:10.442Z,threads.net,ThreadsSourceReplyNoCookieCrawlingLoader
tr_68234424670,tr_68234424670,xepdinhdana,10,threads.net/@xepdinhdana,68234424670,2025-07-28T18:40:10.573Z,threads.net,ThreadsRepostNoCookieCrawlingLoader
tr_72215536968,tr_72215536968,khanhthyy_fc.embes,10,threads.net/@khanhthyy_fc.embes,72215536968,2025-07-28T18:40:10.573Z,threads.net,ThreadsRepostNoCookieCrawlingLoader
tr_67627477400,tr_67627477400,__quynhluuuuu__,10,threads.net/@__quynhluuuuu__,67627477400,2025-07-28T18:40:10.573Z,threads.net,ThreadsRepostNoCookieCrawlingLoader
tr_75934988010,tr_75934988010,khongcamxuc_742,10,threads.net/@khongcamxuc_742,75934988010,2025-07-28T18:40:10.828Z,threads.net,ThreadsSourceReplyNoCookieCrawlingLoader
tr_67598611452,tr_67598611452,vie.meoo,10,threads.net/@vie.meoo,67598611452,2025-07-28T18:40:10.828Z,threads.net,ThreadsSourceReplyNoCookieCrawlingLoader
tr_73377460700,tr_73377460700,ngoan.vo.2433,10,threads.net/@ngoan.vo.2433,73377460700,2025-07-28T18:40:10.828Z,threads.net,ThreadsSourceReplyNoCookieCrawlingLoader
tr_65420147513,tr_65420147513,trancam.dien,10,threads.net/@trancam.dien,65420147513,2025-07-28T18:40:10.828Z,threads.net,ThreadsSourceReplyNoCookieCrawlingLoader
tr_63426774485,tr_63426774485,vuutn_hao,10,threads.net/@vuutn_hao,63426774485,2025-07-28T18:40:10.828Z,threads.net,ThreadsSourceReplyNoCookieCrawlingLoader
tr_76103661108,tr_76103661108,huyntrang118,10,threads.net/@huyntrang118,76103661108,2025-07-28T18:40:10.828Z,threads.net,ThreadsSourceReplyNoCookieCrawlingLoader
tr_65203095451,tr_65203095451,ltnhuquyn163___,10,threads.net/@ltnhuquyn163___,65203095451,2025-07-28T18:40:11.413Z,threads.net,ThreadsPostCommentCrawlingLoader
tr_65900840056,tr_65900840056,linl_iin,10,threads.net/@linl_iin,65900840056,2025-07-28T18:40:11.413Z,threads.net,ThreadsPostCommentCrawlingLoader
tr_73203781238,tr_73203781238,timviecmoithoi,10,threads.net/@timviecmoithoi,73203781238,2025-07-28T18:40:11.413Z,threads.net,ThreadsPostCommentCrawlingLoader
tr_67129449787,tr_67129449787,xinchao_kitty,10,threads.net/@xinchao_kitty,67129449787,2025-07-28T18:40:11.413Z,threads.net,ThreadsPostCommentCrawlingLoader
tr_63141290884,tr_63141290884,imemymyselfmine,10,threads.net/@imemymyselfmine,63141290884,2025-07-28T18:40:11.413Z,threads.net,ThreadsPostCommentCrawlingLoader
tr_65581532669,tr_65581532669,_linghuongngow,10,threads.net/@_linghuongngow,65581532669,2025-07-28T18:40:11.413Z,threads.net,ThreadsPostCommentCrawlingLoader
tr_64501350564,tr_64501350564,sownill,10,threads.net/@sownill,64501350564,2025-07-28T18:40:11.413Z,threads.net,ThreadsPostCommentCrawlingLoader
tr_65794023750,tr_65794023750,an_min_99,10,threads.net/@an_min_99,65794023750,2025-07-28T18:40:11.413Z,threads.net,ThreadsPostCommentCrawlingLoader
tr_67808793117,tr_67808793117,_maicophung_,10,threads.net/@_maicophung_,67808793117,2025-07-28T18:40:11.413Z,threads.net,ThreadsPostCommentCrawlingLoader
tr_63291150042,tr_63291150042,gigef.docx,10,threads.net/@gigef.docx,63291150042,2025-07-28T18:40:11.413Z,threads.net,ThreadsPostCommentCrawlingLoader
tr_66883655339,tr_66883655339,hans.federic,10,threads.net/@hans.federic,66883655339,2025-07-28T18:40:11.413Z,threads.net,ThreadsPostCommentCrawlingLoader
tr_63943156545,tr_63943156545,minhh_nt,10,threads.net/@minhh_nt,63943156545,2025-07-28T18:40:11.413Z,threads.net,ThreadsPostCommentCrawlingLoader
tr_71401996138,tr_71401996138,nekochang.g,10,threads.net/@nekochang.g,71401996138,2025-07-28T18:40:11.413Z,threads.net,ThreadsPostCommentCrawlingLoader
tr_64027964651,tr_64027964651,n.tuan.16.04,10,threads.net/@n.tuan.16.04,64027964651,2025-07-28T18:40:11.413Z,threads.net,ThreadsPostCommentCrawlingLoader
tr_74227665357,tr_74227665357,lili.nh5937,10,threads.net/@lili.nh5937,74227665357,2025-07-28T18:40:11.413Z,threads.net,ThreadsPostCommentCrawlingLoader
tr_63483456126,tr_63483456126,immk.ng,10,threads.net/@immk.ng,63483456126,2025-07-28T18:40:11.997Z,threads.net,ThreadsCommentSubCommentCrawlingLoader
tr_72783065467,tr_72783065467,_babixixi,10,threads.net/@_babixixi,72783065467,2025-07-28T18:40:12.284Z,threads.net,ThreadsReplyPostCrawlingLoader
tr_69076633258,tr_69076633258,ninu_020101,10,threads.net/@ninu_020101,69076633258,2025-07-28T18:40:12.343Z,threads.net,ThreadsSourceReplyNoCookieCrawlingLoader
tr_65196017862,tr_65196017862,meo_meo.24,10,threads.net/@meo_meo.24,65196017862,2025-07-28T18:40:12.343Z,threads.net,ThreadsSourceReplyNoCookieCrawlingLoader
tr_65922530230,tr_65922530230,ngdaokhaai,10,threads.net/@ngdaokhaai,65922530230,2025-07-28T18:40:12.343Z,threads.net,ThreadsSourceReplyNoCookieCrawlingLoader
tr_63430722850,tr_63430722850,ptmt_mt,10,threads.net/@ptmt_mt,63430722850,2025-07-28T18:40:12.343Z,threads.net,ThreadsSourceReplyNoCookieCrawlingLoader
tr_63243721917,tr_63243721917,meiiam_03,10,threads.net/@meiiam_03,63243721917,2025-07-28T18:40:12.343Z,threads.net,ThreadsSourceReplyNoCookieCrawlingLoader
tr_67763328499,tr_67763328499,htuyn_256,10,threads.net/@htuyn_256,67763328499,2025-07-28T18:40:12.343Z,threads.net,ThreadsSourceReplyNoCookieCrawlingLoader
tr_63087776295,tr_63087776295,hthe_141,10,threads.net/@hthe_141,63087776295,2025-07-28T18:40:12.343Z,threads.net,ThreadsSourceReplyNoCookieCrawlingLoader
tr_68085091187,tr_68085091187,letscodewithart,10,threads.net/@letscodewithart,68085091187,2025-07-28T18:40:13.802Z,threads.net,ThreadsSourceReplyNoCookieCrawlingLoader
tr_68268961247,tr_68268961247,sbswtp_,10,threads.net/@sbswtp_,68268961247,2025-07-28T18:40:14.534Z,threads.net,ThreadsSourceReplyNoCookieCrawlingLoader
tr_65180917390,tr_65180917390,weipmie_tb,10,threads.net/@weipmie_tb,65180917390,2025-07-28T18:40:14.838Z,threads.net,ThreadsReplyPostCrawlingLoader
tr_64688576592,tr_64688576592,iamntt.04,10,threads.net/@iamntt.04,64688576592,2025-07-28T18:40:14.543Z,threads.net,ThreadsPostCommentCrawlingLoader
tr_66522922353,tr_66522922353,_hafne,10,threads.net/@_hafne,66522922353,2025-07-28T18:40:14.543Z,threads.net,ThreadsPostCommentCrawlingLoader
tr_66308764842,tr_66308764842,straw_lyn.10,10,threads.net/@straw_lyn.10,66308764842,2025-07-28T18:40:14.543Z,threads.net,ThreadsPostCommentCrawlingLoader
tr_63251927058,tr_63251927058,tr.thquynh,10,threads.net/@tr.thquynh,63251927058,2025-07-28T18:40:14.543Z,threads.net,ThreadsPostCommentCrawlingLoader
tr_67488259182,tr_67488259182,heirg_ngian,10,threads.net/@heirg_ngian,67488259182,2025-07-28T18:40:14.543Z,threads.net,ThreadsPostCommentCrawlingLoader
tr_75735355432,tr_75735355432,nnun29894,10,threads.net/@nnun29894,75735355432,2025-07-28T18:40:14.543Z,threads.net,ThreadsPostCommentCrawlingLoader
tr_65867768017,tr_65867768017,im_mmeii,10,threads.net/@im_mmeii,65867768017,2025-07-28T18:40:14.543Z,threads.net,ThreadsPostCommentCrawlingLoader
tr_63089567863,tr_63089567863,myenergylove,10,threads.net/@myenergylove,63089567863,2025-07-28T18:40:14.543Z,threads.net,ThreadsPostCommentCrawlingLoader
tr_75922501249,tr_75922501249,chubby_fish_grazing,10,threads.net/@chubby_fish_grazing,75922501249,2025-07-28T18:40:14.543Z,threads.net,ThreadsPostCommentCrawlingLoader
tr_67865522010,tr_67865522010,thao424vy,10,threads.net/@thao424vy,67865522010,2025-07-28T18:40:14.543Z,threads.net,ThreadsPostCommentCrawlingLoader
tr_65256503674,tr_65256503674,mindo.fil,10,threads.net/@mindo.fil,65256503674,2025-07-28T18:40:14.543Z,threads.net,ThreadsPostCommentCrawlingLoader
tr_64860024330,tr_64860024330,aine.wjh,10,threads.net/@aine.wjh,64860024330,2025-07-28T18:40:14.543Z,threads.net,ThreadsPostCommentCrawlingLoader
tr_69669137560,tr_69669137560,myaniee_q,10,threads.net/@myaniee_q,69669137560,2025-07-28T18:40:14.543Z,threads.net,ThreadsPostCommentCrawlingLoader
tr_70878583185,tr_70878583185,ca_mot_nang05,10,threads.net/@ca_mot_nang05,70878583185,2025-07-28T18:40:14.543Z,threads.net,ThreadsPostCommentCrawlingLoader
tr_67647817291,tr_67647817291,phuongdoanhh._,10,threads.net/@phuongdoanhh._,67647817291,2025-07-28T18:40:14.543Z,threads.net,ThreadsPostCommentCrawlingLoader
tr_75433303882,tr_75433303882,tanmaihoa,10,threads.net/@tanmaihoa,75433303882,2025-07-28T18:40:14.543Z,threads.net,ThreadsPostCommentCrawlingLoader
tr_65784149787,tr_65784149787,hna.wkt,10,threads.net/@hna.wkt,65784149787,2025-07-28T18:40:14.543Z,threads.net,ThreadsPostCommentCrawlingLoader
tr_63901709416,tr_63901709416,_tobi10th3,10,threads.net/@_tobi10th3,63901709416,2025-07-28T18:40:14.914Z,threads.net,ThreadsReplyPostCrawlingLoader
tr_63269662009,tr_63269662009,secundajoseph,10,threads.net/@secundajoseph,63269662009,2025-07-28T18:40:16.068Z,threads.net,ThreadsReplyPostCrawlingLoader
tr_63454667895,tr_63454667895,daisy.socutee,10,threads.net/@daisy.socutee,63454667895,2025-07-28T18:40:16.580Z,threads.net,ThreadsSourceReplyNoCookieCrawlingLoader
tr_63425830911,tr_63425830911,locng_68,10,threads.net/@locng_68,63425830911,2025-07-28T18:40:16.580Z,threads.net,ThreadsSourceReplyNoCookieCrawlingLoader
tr_70808045366,tr_70808045366,wilichi,10,threads.net/@wilichi,70808045366,2025-07-28T18:40:17.091Z,threads.net,ThreadsReplyPostCrawlingLoader
tr_70026966865,tr_70026966865,khailuvy57,10,threads.net/@khailuvy57,70026966865,2025-07-28T18:40:17.178Z,threads.net,ThreadsReplyPostCrawlingLoader
tr_70026966865,tr_70026966865,khailuvy57,10,threads.net/@khailuvy57,70026966865,2025-07-28T18:40:17.900Z,threads.net,ThreadsReplyPostCrawlingLoader
tr_75801279024,tr_75801279024,thanhan.fotos,10,threads.net/@thanhan.fotos,75801279024,2025-07-28T18:40:17.842Z,threads.net,ThreadsSourceReplyNoCookieCrawlingLoader
tr_63456132965,tr_63456132965,nguyen_hue7749,10,threads.net/@nguyen_hue7749,63456132965,2025-07-28T18:40:17.842Z,threads.net,ThreadsSourceReplyNoCookieCrawlingLoader
tr_72824845804,tr_72824845804,tiemhoahuongan_hha.florist,10,threads.net/@tiemhoahuongan_hha.florist,72824845804,2025-07-28T18:40:17.842Z,threads.net,ThreadsSourceReplyNoCookieCrawlingLoader
tr_63288803100,tr_63288803100,selina.vuu,10,threads.net/@selina.vuu,63288803100,2025-07-28T18:40:17.842Z,threads.net,ThreadsSourceReplyNoCookieCrawlingLoader
tr_65694646628,tr_65694646628,hwawon_02,10,threads.net/@hwawon_02,65694646628,2025-07-28T18:40:17.842Z,threads.net,ThreadsSourceReplyNoCookieCrawlingLoader
tr_64117234314,tr_64117234314,tooprettytobemi,10,threads.net/@tooprettytobemi,64117234314,2025-07-28T18:40:17.842Z,threads.net,ThreadsSourceReplyNoCookieCrawlingLoader
tr_65395395096,tr_65395395096,baotram8335,10,threads.net/@baotram8335,65395395096,2025-07-28T18:40:17.842Z,threads.net,ThreadsSourceReplyNoCookieCrawlingLoader
tr_70026966865,tr_70026966865,khailuvy57,10,threads.net/@khailuvy57,70026966865,2025-07-28T18:40:19.712Z,threads.net,ThreadsReplyPostCrawlingLoader
tr_70400479749,tr_70400479749,chippo_412,10,threads.net/@chippo_412,70400479749,2025-07-28T18:40:19.761Z,threads.net,ThreadsSourceReplyNoCookieCrawlingLoader
tr_68670203264,tr_68670203264,tduy_two,10,threads.net/@tduy_two,68670203264,2025-07-28T18:40:20.176Z,threads.net,ThreadsSourceReplyNoCookieCrawlingLoader
tr_71008162947,tr_71008162947,nanee.ws,10,threads.net/@nanee.ws,71008162947,2025-07-28T18:40:20.646Z,threads.net,ThreadsSourceReplyNoCookieCrawlingLoader
tr_73225097793,tr_73225097793,leyy.y00,10,threads.net/@leyy.y00,73225097793,2025-07-28T18:40:20.646Z,threads.net,ThreadsSourceReplyNoCookieCrawlingLoader
tr_72246492298,tr_72246492298,xinhngoaniuuuu,10,threads.net/@xinhngoaniuuuu,72246492298,2025-07-28T18:40:21.271Z,threads.net,ThreadsRepostNoCookieCrawlingLoader
tr_63299281113,tr_63299281113,yheeemm_,10,threads.net/@yheeemm_,63299281113,2025-07-28T18:40:21.271Z,threads.net,ThreadsRepostNoCookieCrawlingLoader
tr_67155659950,tr_67155659950,linh__lee,10,threads.net/@linh__lee,67155659950,2025-07-28T18:40:21.795Z,threads.net,ThreadsSourceReplyNoCookieCrawlingLoader
tr_63078535216,tr_63078535216,medusa_nhung,10,threads.net/@medusa_nhung,63078535216,2025-07-28T18:40:21.795Z,threads.net,ThreadsSourceReplyNoCookieCrawlingLoader
tr_70026966865,tr_70026966865,khailuvy57,10,threads.net/@khailuvy57,70026966865,2025-07-28T18:40:24.257Z,threads.net,ThreadsReplyPostCrawlingLoader
tr_71376788476,tr_71376788476,_ngoc_huyn89,10,threads.net/@_ngoc_huyn89,71376788476,2025-07-28T18:40:24.332Z,threads.net,ThreadsSourceReplyNoCookieCrawlingLoader
tr_71456252211,tr_71456252211,co_thaomy169934,10,threads.net/@co_thaomy169934,71456252211,2025-07-28T18:40:24.332Z,threads.net,ThreadsSourceReplyNoCookieCrawlingLoader
tr_69762523999,tr_69762523999,_ngthuytram2k8,10,threads.net/@_ngthuytram2k8,69762523999,2025-07-28T18:40:24.332Z,threads.net,ThreadsSourceReplyNoCookieCrawlingLoader
tr_69474764994,tr_69474764994,tran_zzzzzzz,10,threads.net/@tran_zzzzzzz,69474764994,2025-07-28T18:40:24.332Z,threads.net,ThreadsSourceReplyNoCookieCrawlingLoader
tr_63447419212,tr_63447419212,mt.serina,10,threads.net/@mt.serina,63447419212,2025-07-28T18:40:24.332Z,threads.net,ThreadsSourceReplyNoCookieCrawlingLoader
tr_66355428970,tr_66355428970,daleksthanh,10,threads.net/@daleksthanh,66355428970,2025-07-28T18:40:24.213Z,threads.net,ThreadsPostCommentCrawlingLoader
tr_70258151414,tr_70258151414,m._phuong_,10,threads.net/@m._phuong_,70258151414,2025-07-28T18:40:24.213Z,threads.net,ThreadsPostCommentCrawlingLoader
tr_72003593795,tr_72003593795,goquang65,10,threads.net/@goquang65,72003593795,2025-07-28T18:40:24.213Z,threads.net,ThreadsPostCommentCrawlingLoader
tr_68354705752,tr_68354705752,gnourt_hnam,10,threads.net/@gnourt_hnam,68354705752,2025-07-28T18:40:24.213Z,threads.net,ThreadsPostCommentCrawlingLoader
tr_66358496761,tr_66358496761,ht.01nt,10,threads.net/@ht.01nt,66358496761,2025-07-28T18:40:24.213Z,threads.net,ThreadsPostCommentCrawlingLoader
tr_67997254755,tr_67997254755,evad14222,10,threads.net/@evad14222,67997254755,2025-07-28T18:40:24.213Z,threads.net,ThreadsPostCommentCrawlingLoader
tr_69884504178,tr_69884504178,tu4han2,10,threads.net/@tu4han2,69884504178,2025-07-28T18:40:24.213Z,threads.net,ThreadsPostCommentCrawlingLoader
tr_64347551713,tr_64347551713,tlinhh.ka5,10,threads.net/@tlinhh.ka5,64347551713,2025-07-28T18:40:24.213Z,threads.net,ThreadsPostCommentCrawlingLoader
tr_70528423768,tr_70528423768,jaem13006,10,threads.net/@jaem13006,70528423768,2025-07-28T18:40:24.213Z,threads.net,ThreadsPostCommentCrawlingLoader
tr_72647990622,tr_72647990622,ngoclan_tran16,10,threads.net/@ngoclan_tran16,72647990622,2025-07-28T18:40:24.213Z,threads.net,ThreadsPostCommentCrawlingLoader
tr_68073251338,tr_68073251338,caz.lanhunn,10,threads.net/@caz.lanhunn,68073251338,2025-07-28T18:40:24.213Z,threads.net,ThreadsPostCommentCrawlingLoader
tr_64926458637,tr_64926458637,hagarayuki_,10,threads.net/@hagarayuki_,64926458637,2025-07-28T18:40:24.213Z,threads.net,ThreadsPostCommentCrawlingLoader
tr_67591491462,tr_67591491462,conbobietbayy_03,10,threads.net/@conbobietbayy_03,67591491462,2025-07-28T18:40:24.213Z,threads.net,ThreadsPostCommentCrawlingLoader
tr_69708894747,tr_69708894747,tuannguyenziru,10,threads.net/@tuannguyenziru,69708894747,2025-07-28T18:40:24.743Z,threads.net,ThreadsSourceReplyNoCookieCrawlingLoader
tr_71151196698,tr_71151196698,_trongtinz,10,threads.net/@_trongtinz,71151196698,2025-07-28T18:40:24.921Z,threads.net,ThreadsReplyPostCrawlingLoader
tr_73207889173,tr_73207889173,vnx.888,10,threads.net/@vnx.888,73207889173,2025-07-28T18:40:24.868Z,threads.net,ThreadsPostCommentCrawlingLoader
tr_69808235867,tr_69808235867,hph.tran,10,threads.net/@hph.tran,69808235867,2025-07-28T18:40:24.868Z,threads.net,ThreadsPostCommentCrawlingLoader
tr_63274290324,tr_63274290324,minthegreen,10,threads.net/@minthegreen,63274290324,2025-07-28T18:40:25.159Z,threads.net,ThreadsSourceReplyNoCookieCrawlingLoader
tr_63463492509,tr_63463492509,myka.h__,10,threads.net/@myka.h__,63463492509,2025-07-28T18:40:25.159Z,threads.net,ThreadsSourceReplyNoCookieCrawlingLoader
tr_63329296026,tr_63329296026,bynhh_mignon,10,threads.net/@bynhh_mignon,63329296026,2025-07-28T18:40:25.908Z,threads.net,ThreadsSourceReplyNoCookieCrawlingLoader
tr_68806847434,tr_68806847434,ngoanchinheu98,10,threads.net/@ngoanchinheu98,68806847434,2025-07-28T18:40:25.908Z,threads.net,ThreadsSourceReplyNoCookieCrawlingLoader
tr_63162591124,tr_63162591124,juliehth_,10,threads.net/@juliehth_,63162591124,2025-07-28T18:40:25.908Z,threads.net,ThreadsSourceReplyNoCookieCrawlingLoader
tr_68226951713,tr_68226951713,chineseforkoreans,10,threads.net/@chineseforkoreans,68226951713,2025-07-28T18:40:26.902Z,threads.net,ThreadsSourceReplyNoCookieCrawlingLoader
tr_68616245496,tr_68616245496,hai_ly_mee,10,threads.net/@hai_ly_mee,68616245496,2025-07-28T18:40:26.902Z,threads.net,ThreadsSourceReplyNoCookieCrawlingLoader
tr_68776117314,tr_68776117314,cake.by.lawyer,10,threads.net/@cake.by.lawyer,68776117314,2025-07-28T18:40:27.606Z,threads.net,ThreadsSourceReplyNoCookieCrawlingLoader
tr_64406919776,tr_64406919776,bhdng_,10,threads.net/@bhdng_,64406919776,2025-07-28T18:40:27.606Z,threads.net,ThreadsSourceReplyNoCookieCrawlingLoader
tr_63460049672,tr_63460049672,shindayyynee,10,threads.net/@shindayyynee,63460049672,2025-07-28T18:40:27.606Z,threads.net,ThreadsSourceReplyNoCookieCrawlingLoader
tr_70280639497,tr_70280639497,harry.bakery,10,threads.net/@harry.bakery,70280639497,2025-07-28T18:40:27.606Z,threads.net,ThreadsSourceReplyNoCookieCrawlingLoader
tr_66326318171,tr_66326318171,teaby.u30,10,threads.net/@teaby.u30,66326318171,2025-07-28T18:40:27.606Z,threads.net,ThreadsSourceReplyNoCookieCrawlingLoader
tr_68700163743,tr_68700163743,sopagetti,10,threads.net/@sopagetti,68700163743,2025-07-28T18:40:29.331Z,threads.net,ThreadsSourceReplyNoCookieCrawlingLoader
tr_63423347700,tr_63423347700,thungx.03,10,threads.net/@thungx.03,63423347700,2025-07-28T18:40:29.331Z,threads.net,ThreadsSourceReplyNoCookieCrawlingLoader
tr_63493730575,tr_63493730575,_phugg,10,threads.net/@_phugg,63493730575,2025-07-28T18:40:37.192Z,threads.net,ThreadsSourceReplyNoCookieCrawlingLoader
tr_67743704371,tr_67743704371,nancyindec_,10,threads.net/@nancyindec_,67743704371,2025-07-28T18:40:37.192Z,threads.net,ThreadsSourceReplyNoCookieCrawlingLoader
tr_68838332104,tr_68838332104,tewi.png,10,threads.net/@tewi.png,68838332104,2025-07-28T18:40:48.971Z,threads.net,ThreadsReplyPostCrawlingLoader
tr_65579447689,tr_65579447689,pa.tann,10,threads.net/@pa.tann,65579447689,2025-07-28T18:40:49.506Z,threads.net,ThreadsReplyPostCrawlingLoader
tr_71293638750,tr_71293638750,khanhpnq.dev,10,threads.net/@khanhpnq.dev,71293638750,2025-07-28T18:40:49.489Z,threads.net,ThreadsSourceReplyNoCookieCrawlingLoader
tr_63050484263,tr_63050484263,clearheart_apple,10,threads.net/@clearheart_apple,63050484263,2025-07-28T18:40:49.489Z,threads.net,ThreadsSourceReplyNoCookieCrawlingLoader
tr_67057800654,tr_67057800654,roptantt,10,threads.net/@roptantt,67057800654,2025-07-28T18:40:49.489Z,threads.net,ThreadsSourceReplyNoCookieCrawlingLoader
tr_65342683882,tr_65342683882,yourb_eee08,10,threads.net/@yourb_eee08,65342683882,2025-07-28T18:40:49.817Z,threads.net,ThreadsReplyPostCrawlingLoader
tr_68750061599,tr_68750061599,iamnhatlam99,10,threads.net/@iamnhatlam99,68750061599,2025-07-28T18:40:50.117Z,threads.net,ThreadsReplyPostCrawlingLoader
tr_65882260021,tr_65882260021,tienlee7725,10,threads.net/@tienlee7725,65882260021,2025-07-28T18:40:50.117Z,threads.net,ThreadsReplyPostCrawlingLoader
tr_65372659731,tr_65372659731,dermyphatz,10,threads.net/@dermyphatz,65372659731,2025-07-28T18:40:50.117Z,threads.net,ThreadsReplyPostCrawlingLoader
tr_68755803974,tr_68755803974,minhhanhle61,10,threads.net/@minhhanhle61,68755803974,2025-07-28T18:40:50.531Z,threads.net,ThreadsSourceReplyNoCookieCrawlingLoader
tr_66880773524,tr_66880773524,tuong.quinn,10,threads.net/@tuong.quinn,66880773524,2025-07-28T18:40:50.873Z,threads.net,ThreadsReplyPostCrawlingLoader
tr_65640915670,tr_65640915670,teeaeien,10,threads.net/@teeaeien,65640915670,2025-07-28T18:40:51.049Z,threads.net,ThreadsSourceReplyNoCookieCrawlingLoader
tr_63374359249,tr_63374359249,anhvtrn,10,threads.net/@anhvtrn,63374359249,2025-07-28T18:40:51.394Z,threads.net,ThreadsPostCommentCrawlingLoader
tr_63099610717,tr_63099610717,____northstar__,10,threads.net/@____northstar__,63099610717,2025-07-28T18:40:51.394Z,threads.net,ThreadsPostCommentCrawlingLoader
tr_69603266327,tr_69603266327,t_thanh_nt,10,threads.net/@t_thanh_nt,69603266327,2025-07-28T18:40:51.792Z,threads.net,ThreadsSourceReplyNoCookieCrawlingLoader
tr_63244025157,tr_63244025157,himynameishuyandmynameisshort,10,threads.net/@himynameishuyandmynameisshort,63244025157,2025-07-28T18:40:51.792Z,threads.net,ThreadsSourceReplyNoCookieCrawlingLoader
tr_67116237152,tr_67116237152,kn.__hedgehog,10,threads.net/@kn.__hedgehog,67116237152,2025-07-28T18:40:51.792Z,threads.net,ThreadsSourceReplyNoCookieCrawlingLoader
tr_67647277743,tr_67647277743,haeunn18,10,threads.net/@haeunn18,67647277743,2025-07-28T18:40:52.288Z,threads.net,ThreadsSourceReplyNoCookieCrawlingLoader
tr_63163526226,tr_63163526226,onlyindade,10,threads.net/@onlyindade,63163526226,2025-07-28T18:40:52.425Z,threads.net,ThreadsReplyPostCrawlingLoader
tr_64141945917,tr_64141945917,mr_desert_fox,10,threads.net/@mr_desert_fox,64141945917,2025-07-28T18:40:52.425Z,threads.net,ThreadsReplyPostCrawlingLoader
tr_72498287007,tr_72498287007,lamhieuhoa,10,threads.net/@lamhieuhoa,72498287007,2025-07-28T18:40:52.711Z,threads.net,ThreadsSourceReplyNoCookieCrawlingLoader
tr_63463892937,tr_63463892937,jennie.huinh,10,threads.net/@jennie.huinh,63463892937,2025-07-28T18:40:52.711Z,threads.net,ThreadsSourceReplyNoCookieCrawlingLoader
tr_63078507813,tr_63078507813,haiduongbds,10,threads.net/@haiduongbds,63078507813,2025-07-28T18:40:52.711Z,threads.net,ThreadsSourceReplyNoCookieCrawlingLoader
tr_68709527633,tr_68709527633,pantihabi_,10,threads.net/@pantihabi_,68709527633,2025-07-28T18:40:52.711Z,threads.net,ThreadsSourceReplyNoCookieCrawlingLoader
tr_63471244420,tr_63471244420,_anhdun,10,threads.net/@_anhdun,63471244420,2025-07-28T18:40:53.119Z,threads.net,ThreadsRepostNoCookieCrawlingLoader
tr_63365575218,tr_63365575218,thisizcham_,10,threads.net/@thisizcham_,63365575218,2025-07-28T18:40:53.119Z,threads.net,ThreadsRepostNoCookieCrawlingLoader
tr_72130597902,tr_72130597902,beckymoon21,10,threads.net/@beckymoon21,72130597902,2025-07-28T18:40:53.699Z,threads.net,ThreadsReplyPostCrawlingLoader
tr_72841586198,tr_72841586198,veterinarianbustillo,10,threads.net/@veterinarianbustillo,72841586198,2025-07-28T18:40:53.699Z,threads.net,ThreadsReplyPostCrawlingLoader
tr_64713782564,tr_64713782564,_bbibonnieee,10,threads.net/@_bbibonnieee,64713782564,2025-07-28T18:40:54.896Z,threads.net,ThreadsRepostNoCookieCrawlingLoader
tr_69803689583,tr_69803689583,maiphuongwolfy,10,threads.net/@maiphuongwolfy,69803689583,2025-07-28T18:40:55.370Z,threads.net,ThreadsSourceReplyNoCookieCrawlingLoader
tr_71290159437,tr_71290159437,siubun0000101,10,threads.net/@siubun0000101,71290159437,2025-07-28T18:40:55.370Z,threads.net,ThreadsSourceReplyNoCookieCrawlingLoader
tr_68017803495,tr_68017803495,95.nailart,10,threads.net/@95.nailart,68017803495,2025-07-28T18:40:56.407Z,threads.net,ThreadsSourceReplyNoCookieCrawlingLoader
tr_69918007024,tr_69918007024,tom.thecaptain,10,threads.net/@tom.thecaptain,69918007024,2025-07-28T18:40:57.078Z,threads.net,ThreadsSourceReplyNoCookieCrawlingLoader
tr_70860886363,tr_70860886363,nuplum.bantia3,10,threads.net/@nuplum.bantia3,70860886363,2025-07-28T18:40:58.130Z,threads.net,ThreadsReplyPostCrawlingLoader
tr_63420309833,tr_63420309833,ccoc,10,threads.net/@ccoc,63420309833,2025-07-28T18:40:58.018Z,threads.net,ThreadsRepostNoCookieCrawlingLoader
tr_63631608553,tr_63631608553,matgaretmurray,10,threads.net/@matgaretmurray,63631608553,2025-07-28T18:40:58.018Z,threads.net,ThreadsRepostNoCookieCrawlingLoader
tr_63457047748,tr_63457047748,reegisphilbin,10,threads.net/@reegisphilbin,63457047748,2025-07-28T18:40:58.018Z,threads.net,ThreadsRepostNoCookieCrawlingLoader
tr_63245145130,tr_63245145130,timbaumgardner,10,threads.net/@timbaumgardner,63245145130,2025-07-28T18:40:58.018Z,threads.net,ThreadsRepostNoCookieCrawlingLoader
tr_70366896694,tr_70366896694,_tung.ttt,10,threads.net/@_tung.ttt,70366896694,2025-07-28T18:40:58.348Z,threads.net,ThreadsReplyPostCrawlingLoader
tr_72169106779,tr_72169106779,moahaniverse,10,threads.net/@moahaniverse,72169106779,2025-07-28T18:40:59.089Z,threads.net,ThreadsSourceReplyNoCookieCrawlingLoader
tr_75529605142,tr_75529605142,__soogyuholic,10,threads.net/@__soogyuholic,75529605142,2025-07-28T18:40:59.089Z,threads.net,ThreadsSourceReplyNoCookieCrawlingLoader
tr_66347068902,tr_66347068902,hoang_thuan85,10,threads.net/@hoang_thuan85,66347068902,2025-07-28T18:40:59.651Z,threads.net,ThreadsPostCommentCrawlingLoader
tr_63269930480,tr_63269930480,hiuhiuhiuhiu_123,10,threads.net/@hiuhiuhiuhiu_123,63269930480,2025-07-28T18:40:59.651Z,threads.net,ThreadsPostCommentCrawlingLoader
tr_63302280598,tr_63302280598,dyheedaily,10,threads.net/@dyheedaily,63302280598,2025-07-28T18:41:00.130Z,threads.net,ThreadsSourceReplyNoCookieCrawlingLoader
tr_68356884226,tr_68356884226,tg2djn,10,threads.net/@tg2djn,68356884226,2025-07-28T18:41:00.104Z,threads.net,ThreadsReplyPostCrawlingLoader
tr_64408166012,tr_64408166012,_ngzanq,10,threads.net/@_ngzanq,64408166012,2025-07-28T18:41:00.104Z,threads.net,ThreadsReplyPostCrawlingLoader
tr_65046223225,tr_65046223225,_wyuzzn_,10,threads.net/@_wyuzzn_,65046223225,2025-07-28T18:41:00.221Z,threads.net,ThreadsReplyPostCrawlingLoader
tr_74093132592,tr_74093132592,errance_61,10,threads.net/@errance_61,74093132592,2025-07-28T18:41:00.462Z,threads.net,ThreadsSourceReplyNoCookieCrawlingLoader
tr_63155630370,tr_63155630370,__796.3,10,threads.net/@__796.3,63155630370,2025-07-28T18:41:00.462Z,threads.net,ThreadsSourceReplyNoCookieCrawlingLoader
tr_63233579576,tr_63233579576,hnt_2508,10,threads.net/@hnt_2508,63233579576,2025-07-28T18:41:00.933Z,threads.net,ThreadsSourceReplyNoCookieCrawlingLoader
tr_70358622742,tr_70358622742,rosinyyy._,10,threads.net/@rosinyyy._,70358622742,2025-07-28T18:41:01.612Z,threads.net,ThreadsRepostNoCookieCrawlingLoader
tr_63452016649,tr_63452016649,wun.zoe_,10,threads.net/@wun.zoe_,63452016649,2025-07-28T18:41:01.612Z,threads.net,ThreadsRepostNoCookieCrawlingLoader
tr_69462855774,tr_69462855774,_aatuyet,10,threads.net/@_aatuyet,69462855774,2025-07-28T18:41:01.612Z,threads.net,ThreadsRepostNoCookieCrawlingLoader
tr_65698698066,tr_65698698066,_lmhue_,10,threads.net/@_lmhue_,65698698066,2025-07-28T18:41:02.413Z,threads.net,ThreadsReplyPostCrawlingLoader
tr_63283808780,tr_63283808780,kyha2303,10,threads.net/@kyha2303,63283808780,2025-07-28T18:41:02.413Z,threads.net,ThreadsReplyPostCrawlingLoader
tr_66242439939,tr_66242439939,spicychupachupp,10,threads.net/@spicychupachupp,66242439939,2025-07-28T18:41:02.934Z,threads.net,ThreadsReplyPostCrawlingLoader
tr_72662972607,tr_72662972607,vttl_1204,10,threads.net/@vttl_1204,72662972607,2025-07-28T18:41:04.733Z,threads.net,ThreadsSourceReplyNoCookieCrawlingLoader
tr_65242808731,tr_65242808731,edwardhenry0709,10,threads.net/@edwardhenry0709,65242808731,2025-07-28T18:41:04.733Z,threads.net,ThreadsSourceReplyNoCookieCrawlingLoader
tr_65254443012,tr_65254443012,ngoccham.17,10,threads.net/@ngoccham.17,65254443012,2025-07-28T18:41:04.733Z,threads.net,ThreadsSourceReplyNoCookieCrawlingLoader
tr_69702676150,tr_69702676150,co.mua.mua,10,threads.net/@co.mua.mua,69702676150,2025-07-28T18:41:04.733Z,threads.net,ThreadsSourceReplyNoCookieCrawlingLoader
tr_65067546273,tr_65067546273,khienpv2310,10,threads.net/@khienpv2310,65067546273,2025-07-28T18:41:05.180Z,threads.net,ThreadsReplyPostCrawlingLoader
tr_67115737689,tr_67115737689,ti_han.125,10,threads.net/@ti_han.125,67115737689,2025-07-28T18:41:06.244Z,threads.net,ThreadsSourceReplyNoCookieCrawlingLoader
tr_65048604063,tr_65048604063,errorcode_0xc00000e,10,threads.net/@errorcode_0xc00000e,65048604063,2025-07-28T18:41:06.244Z,threads.net,ThreadsSourceReplyNoCookieCrawlingLoader
tr_73978256617,tr_73978256617,diuchanh,10,threads.net/@diuchanh,73978256617,2025-07-28T18:41:06.886Z,threads.net,ThreadsPostCommentCrawlingLoader
tr_72131127935,tr_72131127935,huyentoo95,10,threads.net/@huyentoo95,72131127935,2025-07-28T18:41:06.886Z,threads.net,ThreadsPostCommentCrawlingLoader
tr_73205322798,tr_73205322798,mt.hoang1,10,threads.net/@mt.hoang1,73205322798,2025-07-28T18:41:06.886Z,threads.net,ThreadsPostCommentCrawlingLoader
tr_69031307648,tr_69031307648,dai3668,10,threads.net/@dai3668,69031307648,2025-07-28T18:41:06.886Z,threads.net,ThreadsPostCommentCrawlingLoader
tr_75497351973,tr_75497351973,ngthkimyen.06,10,threads.net/@ngthkimyen.06,75497351973,2025-07-28T18:41:06.886Z,threads.net,ThreadsPostCommentCrawlingLoader
tr_69705363932,tr_69705363932,babiihyn,10,threads.net/@babiihyn,69705363932,2025-07-28T18:41:06.886Z,threads.net,ThreadsPostCommentCrawlingLoader
tr_70094670138,tr_70094670138,duongox,10,threads.net/@duongox,70094670138,2025-07-28T18:41:06.886Z,threads.net,ThreadsPostCommentCrawlingLoader
tr_67856705917,tr_67856705917,sensei_rapper,10,threads.net/@sensei_rapper,67856705917,2025-07-28T18:41:06.886Z,threads.net,ThreadsPostCommentCrawlingLoader
tr_70965355269,tr_70965355269,phamtanlong1217,10,threads.net/@phamtanlong1217,70965355269,2025-07-28T18:41:06.886Z,threads.net,ThreadsPostCommentCrawlingLoader
tr_75676761436,tr_75676761436,nhungoclethanh121,10,threads.net/@nhungoclethanh121,75676761436,2025-07-28T18:41:06.886Z,threads.net,ThreadsPostCommentCrawlingLoader
tr_68447479408,tr_68447479408,suika1215,10,threads.net/@suika1215,68447479408,2025-07-28T18:41:06.886Z,threads.net,ThreadsPostCommentCrawlingLoader
tr_64188058052,tr_64188058052,iamtien_06,10,threads.net/@iamtien_06,64188058052,2025-07-28T18:41:09.666Z,threads.net,ThreadsSourceReplyNoCookieCrawlingLoader
tr_72297450325,tr_72297450325,reallouisle,10,threads.net/@reallouisle,72297450325,2025-07-28T18:41:09.666Z,threads.net,ThreadsSourceReplyNoCookieCrawlingLoader
tr_69468226012,tr_69468226012,hiiinnn_911,10,threads.net/@hiiinnn_911,69468226012,2025-07-28T18:41:09.666Z,threads.net,ThreadsSourceReplyNoCookieCrawlingLoader
tr_67562343540,tr_67562343540,gnmgn_ne,10,threads.net/@gnmgn_ne,67562343540,2025-07-28T18:41:11.356Z,threads.net,ThreadsSourceReplyNoCookieCrawlingLoader
tr_74316709395,tr_74316709395,trannhathoang._,10,threads.net/@trannhathoang._,74316709395,2025-07-28T18:41:11.356Z,threads.net,ThreadsSourceReplyNoCookieCrawlingLoader
tr_63503808030,tr_63503808030,spoken.english.tips,10,threads.net/@spoken.english.tips,63503808030,2025-07-28T18:41:11.764Z,threads.net,ThreadsRepostNoCookieCrawlingLoader
tr_63022826729,tr_63022826729,jaykinggzz,10,threads.net/@jaykinggzz,63022826729,2025-07-28T18:41:11.764Z,threads.net,ThreadsRepostNoCookieCrawlingLoader
tr_63060693303,tr_63060693303,english_spoken_daily_,10,threads.net/@english_spoken_daily_,63060693303,2025-07-28T18:41:11.764Z,threads.net,ThreadsRepostNoCookieCrawlingLoader
tr_63302195382,tr_63302195382,grammar.english.tips,10,threads.net/@grammar.english.tips,63302195382,2025-07-28T18:41:11.764Z,threads.net,ThreadsRepostNoCookieCrawlingLoader
tr_63284098623,tr_63284098623,english.spoken.tips,10,threads.net/@english.spoken.tips,63284098623,2025-07-28T18:41:11.764Z,threads.net,ThreadsRepostNoCookieCrawlingLoader
tr_66273496276,tr_66273496276,thangphandai1.0,10,threads.net/@thangphandai1.0,66273496276,2025-07-28T18:41:12.483Z,threads.net,ThreadsSourceReplyNoCookieCrawlingLoader
tr_64054294372,tr_64054294372,so.lita.ry,10,threads.net/@so.lita.ry,64054294372,2025-07-28T18:41:12.483Z,threads.net,ThreadsSourceReplyNoCookieCrawlingLoader
tr_74791002576,tr_74791002576,hanie_ne01,10,threads.net/@hanie_ne01,74791002576,2025-07-28T18:41:12.483Z,threads.net,ThreadsSourceReplyNoCookieCrawlingLoader
tr_75316934842,tr_75316934842,cameoht,10,threads.net/@cameoht,75316934842,2025-07-28T18:41:12.483Z,threads.net,ThreadsSourceReplyNoCookieCrawlingLoader
tr_74702550367,tr_74702550367,tuimunvoneu,10,threads.net/@tuimunvoneu,74702550367,2025-07-28T18:41:12.483Z,threads.net,ThreadsSourceReplyNoCookieCrawlingLoader
tr_63235597982,tr_63235597982,cusonlo,10,threads.net/@cusonlo,63235597982,2025-07-28T18:41:24.010Z,threads.net,ThreadsRepostNoCookieCrawlingLoader
tr_62812130341,tr_62812130341,huiiyunn.__,10,threads.net/@huiiyunn.__,62812130341,2025-07-28T18:42:24.987Z,threads.net,ThreadsPostCommentCrawlingLoader
tr_63275904475,tr_63275904475,purp.luemmii,10,threads.net/@purp.luemmii,63275904475,2025-07-28T18:42:24.987Z,threads.net,ThreadsPostCommentCrawlingLoader
tr_63101582531,tr_63101582531,_nhuyenn25_,10,threads.net/@_nhuyenn25_,63101582531,2025-07-28T18:42:24.987Z,threads.net,ThreadsPostCommentCrawlingLoader
tr_63847564740,tr_63847564740,chauiu.189,10,threads.net/@chauiu.189,63847564740,2025-07-28T18:42:25.402Z,threads.net,ThreadsRepostNoCookieCrawlingLoader
tr_72041025575,tr_72041025575,nhatdinhphaihocneunhe,10,threads.net/@nhatdinhphaihocneunhe,72041025575,2025-07-28T18:42:27.437Z,threads.net,ThreadsSourceReplyNoCookieCrawlingLoader
tr_76117215072,tr_76117215072,hidden.in.khm,10,threads.net/@hidden.in.khm,76117215072,2025-07-28T18:42:28.161Z,threads.net,ThreadsHashtagPostNoCookieCrawlingLoader
tr_67619519474,tr_67619519474,nganlt239,10,threads.net/@nganlt239,67619519474,2025-07-28T18:43:42.126Z,threads.net,ThreadsPostCommentCrawlingLoader
tr_68169750021,tr_68169750021,thuychi_nguyen,10,threads.net/@thuychi_nguyen,68169750021,2025-07-28T18:43:42.126Z,threads.net,ThreadsPostCommentCrawlingLoader
tr_74864046070,tr_74864046070,bigdi_ck41,10,threads.net/@bigdi_ck41,74864046070,2025-07-28T18:43:46.960Z,threads.net,ThreadsCommentSubCommentCrawlingLoader
tr_63230667080,tr_63230667080,nickwalkerfitness,10,threads.net/@nickwalkerfitness,63230667080,2025-07-28T18:43:55.899Z,threads.net,ThreadsSourceReplyNoCookieCrawlingLoader
tr_74030218821,tr_74030218821,vinh.luu.7798,10,threads.net/@vinh.luu.7798,74030218821,2025-07-28T18:44:18.241Z,threads.net,ThreadsPostCommentCrawlingLoader
tr_74940440820,tr_74940440820,boykute87hp,10,threads.net/@boykute87hp,74940440820,2025-07-28T18:44:18.241Z,threads.net,ThreadsPostCommentCrawlingLoader
tr_70320748585,tr_70320748585,cf_hiha,10,threads.net/@cf_hiha,70320748585,2025-07-28T18:44:18.241Z,threads.net,ThreadsPostCommentCrawlingLoader
tr_70024615704,tr_70024615704,tw.uien_15,10,threads.net/@tw.uien_15,70024615704,2025-07-28T18:44:18.484Z,threads.net,ThreadsSourceReplyNoCookieCrawlingLoader
tr_63477596705,tr_63477596705,_tl.amm_,10,threads.net/@_tl.amm_,63477596705,2025-07-28T18:44:18.484Z,threads.net,ThreadsSourceReplyNoCookieCrawlingLoader
tr_70231544939,tr_70231544939,tt_ngaan,10,threads.net/@tt_ngaan,70231544939,2025-07-28T18:44:18.484Z,threads.net,ThreadsSourceReplyNoCookieCrawlingLoader
tr_63080045870,tr_63080045870,anjalithakur002,10,threads.net/@anjalithakur002,63080045870,2025-07-28T18:44:19.581Z,threads.net,ThreadsSourceReplyNoCookieCrawlingLoader
tr_63479386135,tr_63479386135,dimpalchanglani,10,threads.net/@dimpalchanglani,63479386135,2025-07-28T18:44:19.581Z,threads.net,ThreadsSourceReplyNoCookieCrawlingLoader
tr_64249029137,tr_64249029137,jolby_john,10,threads.net/@jolby_john,64249029137,2025-07-28T18:44:19.581Z,threads.net,ThreadsSourceReplyNoCookieCrawlingLoader
tr_69224223921,tr_69224223921,aish_gowda_fairy,10,threads.net/@aish_gowda_fairy,69224223921,2025-07-28T18:44:19.581Z,threads.net,ThreadsSourceReplyNoCookieCrawlingLoader
tr_63444549145,tr_63444549145,its_poo28,10,threads.net/@its_poo28,63444549145,2025-07-28T18:44:19.581Z,threads.net,ThreadsSourceReplyNoCookieCrawlingLoader
tr_69634719441,tr_69634719441,iampriya_28,10,threads.net/@iampriya_28,69634719441,2025-07-28T18:44:19.581Z,threads.net,ThreadsSourceReplyNoCookieCrawlingLoader
tr_68805268082,tr_68805268082,maikkk_08,10,threads.net/@maikkk_08,68805268082,2025-07-28T18:44:36.580Z,threads.net,ThreadsPostCommentCrawlingLoader
tr_63571087007,tr_63571087007,dpr_bella,10,threads.net/@dpr_bella,63571087007,2025-07-28T18:45:37.512Z,threads.net,ThreadsRepostNoCookieCrawlingLoader
tr_69561097824,tr_69561097824,nguyenthuyduong20007,10,threads.net/@nguyenthuyduong20007,69561097824,2025-07-28T18:45:49.911Z,threads.net,ThreadsPostCommentCrawlingLoader
tr_63157261486,tr_63157261486,nguoihaycockhongvuitinh_,10,threads.net/@nguoihaycockhongvuitinh_,63157261486,2025-07-28T18:46:05.961Z,threads.net,ThreadsPostCommentCrawlingLoader
tr_70474231337,tr_70474231337,_minggyt_,10,threads.net/@_minggyt_,70474231337,2025-07-28T18:46:05.961Z,threads.net,ThreadsPostCommentCrawlingLoader
tr_69445360232,tr_69445360232,_.lynz.lihn._,10,threads.net/@_.lynz.lihn._,69445360232,2025-07-28T18:46:05.961Z,threads.net,ThreadsPostCommentCrawlingLoader
tr_68059814067,tr_68059814067,cece.cece.hi,10,threads.net/@cece.cece.hi,68059814067,2025-07-28T18:46:05.961Z,threads.net,ThreadsPostCommentCrawlingLoader
tr_63248533634,tr_63248533634,th.huyn512,10,threads.net/@th.huyn512,63248533634,2025-07-28T18:46:05.961Z,threads.net,ThreadsPostCommentCrawlingLoader
tr_63762248599,tr_63762248599,simbathichanbunca,10,threads.net/@simbathichanbunca,63762248599,2025-07-28T18:46:05.961Z,threads.net,ThreadsPostCommentCrawlingLoader
tr_73250536232,tr_73250536232,kattielil_jj,10,threads.net/@kattielil_jj,73250536232,2025-07-28T18:46:07.404Z,threads.net,ThreadsRepostNoCookieCrawlingLoader
tr_63455266118,tr_63455266118,acrew.quinxi,10,threads.net/@acrew.quinxi,63455266118,2025-07-28T18:46:07.404Z,threads.net,ThreadsRepostNoCookieCrawlingLoader
tr_74809546540,tr_74809546540,leducanh9721,10,threads.net/@leducanh9721,74809546540,2025-07-28T18:46:08.315Z,threads.net,ThreadsSourceReplyNoCookieCrawlingLoader
tr_65654118181,tr_65654118181,babibbo.1203,10,threads.net/@babibbo.1203,65654118181,2025-07-28T18:46:08.315Z,threads.net,ThreadsSourceReplyNoCookieCrawlingLoader
tr_68179212119,tr_68179212119,lynh_bi23,10,threads.net/@lynh_bi23,68179212119,2025-07-28T18:46:08.315Z,threads.net,ThreadsSourceReplyNoCookieCrawlingLoader
tr_66496818758,tr_66496818758,foxrusted,10,threads.net/@foxrusted,66496818758,2025-07-28T18:46:08.439Z,threads.net,ThreadsRepostNoCookieCrawlingLoader
tr_68291547635,tr_68291547635,lask_12345678,10,threads.net/@lask_12345678,68291547635,2025-07-28T18:46:08.439Z,threads.net,ThreadsRepostNoCookieCrawlingLoader
tr_70275703539,tr_70275703539,elizabethtan2012,10,threads.net/@elizabethtan2012,70275703539,2025-07-28T18:46:09.284Z,threads.net,ThreadsSourceReplyNoCookieCrawlingLoader
tr_67723988732,tr_67723988732,cao_tamm,10,threads.net/@cao_tamm,67723988732,2025-07-28T18:46:09.284Z,threads.net,ThreadsSourceReplyNoCookieCrawlingLoader
tr_66167034570,tr_66167034570,chip.chipp_08,10,threads.net/@chip.chipp_08,66167034570,2025-07-28T18:46:09.284Z,threads.net,ThreadsSourceReplyNoCookieCrawlingLoader
tr_65548894182,tr_65548894182,motphimmcv,10,threads.net/@motphimmcv,65548894182,2025-07-28T18:46:10.269Z,threads.net,ThreadsSourceReplyNoCookieCrawlingLoader
tr_65695043373,tr_65695043373,ridiuphimm,10,threads.net/@ridiuphimm,65695043373,2025-07-28T18:46:10.269Z,threads.net,ThreadsSourceReplyNoCookieCrawlingLoader
tr_66379310198,tr_66379310198,_mailanhoang,10,threads.net/@_mailanhoang,66379310198,2025-07-28T18:46:10.691Z,threads.net,ThreadsSourceReplyNoCookieCrawlingLoader
tr_67961258442,tr_67961258442,_hoonq.nzqoc,10,threads.net/@_hoonq.nzqoc,67961258442,2025-07-28T18:46:10.691Z,threads.net,ThreadsSourceReplyNoCookieCrawlingLoader
tr_63407739440,tr_63407739440,ueiipoo._,10,threads.net/@ueiipoo._,63407739440,2025-07-28T18:46:10.691Z,threads.net,ThreadsSourceReplyNoCookieCrawlingLoader
tr_69689555629,tr_69689555629,veethichshare,10,threads.net/@veethichshare,69689555629,2025-07-28T18:46:10.745Z,threads.net,ThreadsRepostNoCookieCrawlingLoader
tr_63220188994,tr_63220188994,naughtyros_ie,10,threads.net/@naughtyros_ie,63220188994,2025-07-28T18:46:11.168Z,threads.net,ThreadsSourceReplyNoCookieCrawlingLoader
tr_67377527035,tr_67377527035,annie.21dec,10,threads.net/@annie.21dec,67377527035,2025-07-28T18:46:11.168Z,threads.net,ThreadsSourceReplyNoCookieCrawlingLoader
tr_70516957145,tr_70516957145,nt_thuuuuu,10,threads.net/@nt_thuuuuu,70516957145,2025-07-28T18:46:11.168Z,threads.net,ThreadsSourceReplyNoCookieCrawlingLoader
tr_63096828485,tr_63096828485,dieuu._.linh,10,threads.net/@dieuu._.linh,63096828485,2025-07-28T18:46:10.928Z,threads.net,ThreadsPostCommentCrawlingLoader
tr_71215214393,tr_71215214393,hnat.ah,10,threads.net/@hnat.ah,71215214393,2025-07-28T18:46:10.928Z,threads.net,ThreadsPostCommentCrawlingLoader
tr_71171993372,tr_71171993372,kevind_1.4,10,threads.net/@kevind_1.4,71171993372,2025-07-28T18:46:10.928Z,threads.net,ThreadsPostCommentCrawlingLoader
tr_65894621588,tr_65894621588,_michael.duxag_,10,threads.net/@_michael.duxag_,65894621588,2025-07-28T18:46:10.928Z,threads.net,ThreadsPostCommentCrawlingLoader
tr_74378673575,tr_74378673575,tha728292,10,threads.net/@tha728292,74378673575,2025-07-28T18:46:10.928Z,threads.net,ThreadsPostCommentCrawlingLoader
tr_62810060482,tr_62810060482,xxibyngnb,10,threads.net/@xxibyngnb,62810060482,2025-07-28T18:46:10.928Z,threads.net,ThreadsPostCommentCrawlingLoader
tr_63270210782,tr_63270210782,ahyy_pwkrp,10,threads.net/@ahyy_pwkrp,63270210782,2025-07-28T18:46:11.395Z,threads.net,ThreadsRepostNoCookieCrawlingLoader
tr_70699586034,tr_70699586034,goodmoments,10,threads.net/@goodmoments,70699586034,2025-07-28T18:46:11.395Z,threads.net,ThreadsRepostNoCookieCrawlingLoader
tr_75319834988,tr_75319834988,prncsssxx,10,threads.net/@prncsssxx,75319834988,2025-07-28T18:46:12.118Z,threads.net,ThreadsSourceReplyNoCookieCrawlingLoader
tr_69057804534,tr_69057804534,chris_majoy,10,threads.net/@chris_majoy,69057804534,2025-07-28T18:46:12.118Z,threads.net,ThreadsSourceReplyNoCookieCrawlingLoader
tr_63814949408,tr_63814949408,ha.phugnn,10,threads.net/@ha.phugnn,63814949408,2025-07-28T18:46:12.540Z,threads.net,ThreadsSourceReplyNoCookieCrawlingLoader
tr_64945087551,tr_64945087551,philinh_,10,threads.net/@philinh_,64945087551,2025-07-28T18:46:13.051Z,threads.net,ThreadsRepostNoCookieCrawlingLoader
tr_67521003744,tr_67521003744,tgthuhang,10,threads.net/@tgthuhang,67521003744,2025-07-28T18:46:13.741Z,threads.net,ThreadsSourceReplyNoCookieCrawlingLoader
tr_71311702158,tr_71311702158,thanhtien310599,10,threads.net/@thanhtien310599,71311702158,2025-07-28T18:46:13.741Z,threads.net,ThreadsSourceReplyNoCookieCrawlingLoader
tr_65619759798,tr_65619759798,_quynh_quynh__,10,threads.net/@_quynh_quynh__,65619759798,2025-07-28T18:46:13.741Z,threads.net,ThreadsSourceReplyNoCookieCrawlingLoader
tr_67473290952,tr_67473290952,sajanggnim94,10,threads.net/@sajanggnim94,67473290952,2025-07-28T18:46:13.741Z,threads.net,ThreadsSourceReplyNoCookieCrawlingLoader
tr_68944729536,tr_68944729536,changchang4101996,10,threads.net/@changchang4101996,68944729536,2025-07-28T18:46:13.741Z,threads.net,ThreadsSourceReplyNoCookieCrawlingLoader
tr_66839954653,tr_66839954653,linhvu778610,10,threads.net/@linhvu778610,66839954653,2025-07-28T18:46:13.741Z,threads.net,ThreadsSourceReplyNoCookieCrawlingLoader
tr_65943773245,tr_65943773245,ka.zann_,10,threads.net/@ka.zann_,65943773245,2025-07-28T18:46:13.741Z,threads.net,ThreadsSourceReplyNoCookieCrawlingLoader
tr_64535373118,tr_64535373118,kashmir_reality,10,threads.net/@kashmir_reality,64535373118,2025-07-28T18:46:14.045Z,threads.net,ThreadsSourceReplyNoCookieCrawlingLoader
tr_70415129238,tr_70415129238,shahidsidique981,10,threads.net/@shahidsidique981,70415129238,2025-07-28T18:46:14.045Z,threads.net,ThreadsSourceReplyNoCookieCrawlingLoader
tr_69812892720,tr_69812892720,anakarlovna0656,10,threads.net/@anakarlovna0656,69812892720,2025-07-28T18:46:14.045Z,threads.net,ThreadsSourceReplyNoCookieCrawlingLoader
tr_63691778101,tr_63691778101,shor_t,10,threads.net/@shor_t,63691778101,2025-07-28T18:46:14.045Z,threads.net,ThreadsSourceReplyNoCookieCrawlingLoader
tr_68788433037,tr_68788433037,cr7foreverworldwide,10,threads.net/@cr7foreverworldwide,68788433037,2025-07-28T18:46:14.316Z,threads.net,ThreadsSourceReplyNoCookieCrawlingLoader
tr_66523948536,tr_66523948536,huynhngocphilong,10,threads.net/@huynhngocphilong,66523948536,2025-07-28T18:46:14.316Z,threads.net,ThreadsSourceReplyNoCookieCrawlingLoader
tr_65231186860,tr_65231186860,sunnymattu81,10,threads.net/@sunnymattu81,65231186860,2025-07-28T18:46:14.316Z,threads.net,ThreadsSourceReplyNoCookieCrawlingLoader
tr_67720905574,tr_67720905574,tran.hoale,10,threads.net/@tran.hoale,67720905574,2025-07-28T18:46:14.316Z,threads.net,ThreadsSourceReplyNoCookieCrawlingLoader
tr_67504113311,tr_67504113311,n_hyy_y,10,threads.net/@n_hyy_y,67504113311,2025-07-28T18:46:14.316Z,threads.net,ThreadsSourceReplyNoCookieCrawlingLoader
tr_66386346455,tr_66386346455,quynhchau__,10,threads.net/@quynhchau__,66386346455,2025-07-28T18:46:14.316Z,threads.net,ThreadsSourceReplyNoCookieCrawlingLoader
tr_73555964217,tr_73555964217,haolelucas,10,threads.net/@haolelucas,73555964217,2025-07-28T18:46:15.293Z,threads.net,ThreadsSourceReplyNoCookieCrawlingLoader
tr_65624615089,tr_65624615089,nhtlee.zt,10,threads.net/@nhtlee.zt,65624615089,2025-07-28T18:46:15.293Z,threads.net,ThreadsSourceReplyNoCookieCrawlingLoader
tr_65799988482,tr_65799988482,lami.tnbn,10,threads.net/@lami.tnbn,65799988482,2025-07-28T18:46:15.293Z,threads.net,ThreadsSourceReplyNoCookieCrawlingLoader
tr_63473346172,tr_63473346172,nubiannoona,10,threads.net/@nubiannoona,63473346172,2025-07-28T18:46:15.710Z,threads.net,ThreadsRepostNoCookieCrawlingLoader
tr_64007033096,tr_64007033096,thaoieerse_ngg,10,threads.net/@thaoieerse_ngg,64007033096,2025-07-28T18:46:15.780Z,threads.net,ThreadsSourceReplyNoCookieCrawlingLoader
tr_63256244058,tr_63256244058,pallii_life,10,threads.net/@pallii_life,63256244058,2025-07-28T18:46:15.780Z,threads.net,ThreadsSourceReplyNoCookieCrawlingLoader
tr_68199530653,tr_68199530653,sawako_3721,10,threads.net/@sawako_3721,68199530653,2025-07-28T18:46:15.868Z,threads.net,ThreadsReplyPostCrawlingLoader
tr_62881807365,tr_62881807365,americahuyen_,10,threads.net/@americahuyen_,62881807365,2025-07-28T18:46:18.351Z,threads.net,ThreadsPostCommentCrawlingLoader
tr_63276361371,tr_63276361371,riian_bo,10,threads.net/@riian_bo,63276361371,2025-07-28T18:46:18.351Z,threads.net,ThreadsPostCommentCrawlingLoader
tr_67475165923,tr_67475165923,quinh.1203,10,threads.net/@quinh.1203,67475165923,2025-07-28T18:46:18.954Z,threads.net,ThreadsSourceReplyNoCookieCrawlingLoader
tr_71302660082,tr_71302660082,ju_94_uj,10,threads.net/@ju_94_uj,71302660082,2025-07-28T18:46:18.954Z,threads.net,ThreadsSourceReplyNoCookieCrawlingLoader
tr_71043842542,tr_71043842542,hiephair99,10,threads.net/@hiephair99,71043842542,2025-07-28T18:46:19.380Z,threads.net,ThreadsSourceReplyNoCookieCrawlingLoader
tr_63406107817,tr_63406107817,nguyen_hieu_0000,10,threads.net/@nguyen_hieu_0000,63406107817,2025-07-28T18:46:20.318Z,threads.net,ThreadsRepostNoCookieCrawlingLoader
tr_63244303792,tr_63244303792,isbp_0,10,threads.net/@isbp_0,63244303792,2025-07-28T18:46:21.668Z,threads.net,ThreadsPostCommentCrawlingLoader
tr_66159224092,tr_66159224092,vinvinie_,10,threads.net/@vinvinie_,66159224092,2025-07-28T18:46:21.668Z,threads.net,ThreadsPostCommentCrawlingLoader
tr_64216010392,tr_64216010392,ptranh,10,threads.net/@ptranh,64216010392,2025-07-28T18:46:21.668Z,threads.net,ThreadsPostCommentCrawlingLoader
tr_63271434227,tr_63271434227,q.mangoaholic,10,threads.net/@q.mangoaholic,63271434227,2025-07-28T18:46:21.668Z,threads.net,ThreadsPostCommentCrawlingLoader
tr_63248551698,tr_63248551698,tt__1101,10,threads.net/@tt__1101,63248551698,2025-07-28T18:46:21.668Z,threads.net,ThreadsPostCommentCrawlingLoader
tr_63032606483,tr_63032606483,heliatruong,10,threads.net/@heliatruong,63032606483,2025-07-28T18:46:21.668Z,threads.net,ThreadsPostCommentCrawlingLoader
tr_63392255081,tr_63392255081,itsbonggg,10,threads.net/@itsbonggg,63392255081,2025-07-28T18:46:21.668Z,threads.net,ThreadsPostCommentCrawlingLoader
tr_66335959602,tr_66335959602,nhi.mushi,10,threads.net/@nhi.mushi,66335959602,2025-07-28T18:46:21.668Z,threads.net,ThreadsPostCommentCrawlingLoader
tr_67233398647,tr_67233398647,cathy_le_pilates,10,threads.net/@cathy_le_pilates,67233398647,2025-07-28T18:46:21.668Z,threads.net,ThreadsPostCommentCrawlingLoader
tr_62997126308,tr_62997126308,imbluezez,10,threads.net/@imbluezez,62997126308,2025-07-28T18:46:21.668Z,threads.net,ThreadsPostCommentCrawlingLoader
tr_63420466232,tr_63420466232,urbleuez,10,threads.net/@urbleuez,63420466232,2025-07-28T18:46:21.668Z,threads.net,ThreadsPostCommentCrawlingLoader
tr_63250030324,tr_63250030324,lailangoclanday,10,threads.net/@lailangoclanday,63250030324,2025-07-28T18:46:21.668Z,threads.net,ThreadsPostCommentCrawlingLoader
tr_67125312140,tr_67125312140,thu_ngo.c,10,threads.net/@thu_ngo.c,67125312140,2025-07-28T18:46:21.668Z,threads.net,ThreadsPostCommentCrawlingLoader
tr_74050966764,tr_74050966764,thaomymup7495,10,threads.net/@thaomymup7495,74050966764,2025-07-28T18:46:22.238Z,threads.net,ThreadsSourceReplyNoCookieCrawlingLoader
tr_64342629820,tr_64342629820,haie.gnah,10,threads.net/@haie.gnah,64342629820,2025-07-28T18:46:22.238Z,threads.net,ThreadsSourceReplyNoCookieCrawlingLoader
tr_63912945692,tr_63912945692,thanhhhuyen_,10,threads.net/@thanhhhuyen_,63912945692,2025-07-28T18:46:22.238Z,threads.net,ThreadsSourceReplyNoCookieCrawlingLoader
tr_65200378700,tr_65200378700,kookv_panda,10,threads.net/@kookv_panda,65200378700,2025-07-28T18:46:40.062Z,threads.net,ThreadsRepostNoCookieCrawlingLoader
tr_63418518290,tr_63418518290,governorshapiro,10,threads.net/@governorshapiro,63418518290,2025-07-28T18:47:00.267Z,threads.net,ThreadsSourceReplyNoCookieCrawlingLoader
tr_72004947510,tr_72004947510,vulam8852,10,threads.net/@vulam8852,72004947510,2025-07-28T18:47:00.214Z,threads.net,ThreadsPostCommentCrawlingLoader
tr_63362403326,tr_63362403326,dkkhoaaaa129,10,threads.net/@dkkhoaaaa129,63362403326,2025-07-28T18:47:00.214Z,threads.net,ThreadsPostCommentCrawlingLoader
tr_63435449333,tr_63435449333,hggiang.vu,10,threads.net/@hggiang.vu,63435449333,2025-07-28T18:47:00.214Z,threads.net,ThreadsPostCommentCrawlingLoader
tr_68922651820,tr_68922651820,dhh421,10,threads.net/@dhh421,68922651820,2025-07-28T18:47:00.214Z,threads.net,ThreadsPostCommentCrawlingLoader
tr_64279360497,tr_64279360497,ngzhanw,10,threads.net/@ngzhanw,64279360497,2025-07-28T18:47:08.679Z,threads.net,ThreadsPostCommentCrawlingLoader
tr_75668435373,tr_75668435373,lily_30.03,10,threads.net/@lily_30.03,75668435373,2025-07-28T18:47:21.992Z,threads.net,ThreadsSourceReplyNoCookieCrawlingLoader
tr_67088543160,tr_67088543160,cgm2kas._,10,threads.net/@cgm2kas._,67088543160,2025-07-28T18:47:21.995Z,threads.net,ThreadsCommentSubCommentCrawlingLoader
tr_67988988016,tr_67988988016,thang_tmt,10,threads.net/@thang_tmt,67988988016,2025-07-28T18:47:21.996Z,threads.net,ThreadsCommentSubCommentCrawlingLoader
tr_63019424654,tr_63019424654,c_t__t_h,10,threads.net/@c_t__t_h,63019424654,2025-07-28T18:47:22.964Z,threads.net,ThreadsSourceReplyNoCookieCrawlingLoader
tr_72745182693,tr_72745182693,nhimsnomnom,10,threads.net/@nhimsnomnom,72745182693,2025-07-28T18:47:22.964Z,threads.net,ThreadsSourceReplyNoCookieCrawlingLoader
tr_66781668869,tr_66781668869,vongocanhh,10,threads.net/@vongocanhh,66781668869,2025-07-28T18:47:23.806Z,threads.net,ThreadsSourceReplyNoCookieCrawlingLoader
tr_63424671468,tr_63424671468,j1s_,10,threads.net/@j1s_,63424671468,2025-07-28T18:47:24.624Z,threads.net,ThreadsSourceReplyNoCookieCrawlingLoader
tr_63069395131,tr_63069395131,tech_live0,10,threads.net/@tech_live0,63069395131,2025-07-28T18:47:24.624Z,threads.net,ThreadsSourceReplyNoCookieCrawlingLoader
tr_63050573307,tr_63050573307,r_z1999a,10,threads.net/@r_z1999a,63050573307,2025-07-28T18:47:24.624Z,threads.net,ThreadsSourceReplyNoCookieCrawlingLoader
tr_63435520796,tr_63435520796,remvs_ashrvf,10,threads.net/@remvs_ashrvf,63435520796,2025-07-28T18:47:24.624Z,threads.net,ThreadsSourceReplyNoCookieCrawlingLoader
tr_63324232328,tr_63324232328,roro___aj_,10,threads.net/@roro___aj_,63324232328,2025-07-28T18:47:24.624Z,threads.net,ThreadsSourceReplyNoCookieCrawlingLoader
tr_63282874459,tr_63282874459,hamady_zelzal,10,threads.net/@hamady_zelzal,63282874459,2025-07-28T18:47:24.624Z,threads.net,ThreadsSourceReplyNoCookieCrawlingLoader
tr_63475169905,tr_63475169905,hamzawiii_10,10,threads.net/@hamzawiii_10,63475169905,2025-07-28T18:47:24.624Z,threads.net,ThreadsSourceReplyNoCookieCrawlingLoader
tr_63295467233,tr_63295467233,chinhhh.actuallytrnotch,10,threads.net/@chinhhh.actuallytrnotch,63295467233,2025-07-28T18:47:25.086Z,threads.net,ThreadsPostCommentCrawlingLoader
tr_76135392094,tr_76135392094,huavantinh08052001,10,threads.net/@huavantinh08052001,76135392094,2025-07-28T18:47:25.086Z,threads.net,ThreadsPostCommentCrawlingLoader
tr_63165191362,tr_63165191362,dd.ttrang,10,threads.net/@dd.ttrang,63165191362,2025-07-28T18:47:25.086Z,threads.net,ThreadsPostCommentCrawlingLoader
tr_65957503011,tr_65957503011,words_byrin,10,threads.net/@words_byrin,65957503011,2025-07-28T18:48:04.527Z,threads.net,ThreadsRepostNoCookieCrawlingLoader
tr_71706298060,tr_71706298060,anotherpersonintheair,10,threads.net/@anotherpersonintheair,71706298060,2025-07-28T18:48:04.726Z,threads.net,ThreadsPostCommentCrawlingLoader
tr_63237573299,tr_63237573299,godwisdommetis,10,threads.net/@godwisdommetis,63237573299,2025-07-28T18:48:04.726Z,threads.net,ThreadsPostCommentCrawlingLoader
tr_63429745299,tr_63429745299,shaneluder,10,threads.net/@shaneluder,63429745299,2025-07-28T18:48:12.451Z,threads.net,ThreadsSourceReplyNoCookieCrawlingLoader
tr_67496543465,tr_67496543465,thh._giangg,10,threads.net/@thh._giangg,67496543465,2025-07-28T18:49:32.484Z,threads.net,ThreadsPostCommentCrawlingLoader
tr_68688931799,tr_68688931799,hug_m.d,10,threads.net/@hug_m.d,68688931799,2025-07-28T18:49:45.001Z,threads.net,ThreadsSourceReplyNoCookieCrawlingLoader
tr_73853964858,tr_73853964858,lynpham01_,10,threads.net/@lynpham01_,73853964858,2025-07-28T18:50:43.937Z,threads.net,ThreadsPostCommentCrawlingLoader
tr_76090499839,tr_76090499839,how_about_pie,10,threads.net/@how_about_pie,76090499839,2025-07-28T18:50:48.622Z,threads.net,ThreadsPostCommentCrawlingLoader
tr_70274692963,tr_70274692963,sumisumiew,10,threads.net/@sumisumiew,70274692963,2025-07-28T18:51:21.079Z,threads.net,ThreadsSourceReplyNoCookieCrawlingLoader
tr_63424021072,tr_63424021072,tuon_vy124,10,threads.net/@tuon_vy124,63424021072,2025-07-28T18:51:21.079Z,threads.net,ThreadsSourceReplyNoCookieCrawlingLoader
tr_76201865757,tr_76201865757,mama_jinhee,10,threads.net/@mama_jinhee,76201865757,2025-07-28T18:51:23.015Z,threads.net,ThreadsPostCommentCrawlingLoader
tr_65710476032,tr_65710476032,janethmcifuentes,10,threads.net/@janethmcifuentes,65710476032,2025-07-28T18:51:23.015Z,threads.net,ThreadsPostCommentCrawlingLoader
tr_73240040596,tr_73240040596,che.tosia,10,threads.net/@che.tosia,73240040596,2025-07-28T18:51:23.015Z,threads.net,ThreadsPostCommentCrawlingLoader
tr_65922800647,tr_65922800647,karina_amandacamargo,10,threads.net/@karina_amandacamargo,65922800647,2025-07-28T18:51:23.015Z,threads.net,ThreadsPostCommentCrawlingLoader
tr_75817689627,tr_75817689627,71ilir_,10,threads.net/@71ilir_,75817689627,2025-07-28T18:51:23.015Z,threads.net,ThreadsPostCommentCrawlingLoader
tr_70843160803,tr_70843160803,fanoftalent14,10,threads.net/@fanoftalent14,70843160803,2025-07-28T18:51:23.015Z,threads.net,ThreadsPostCommentCrawlingLoader
tr_71534040475,tr_71534040475,_eloni_1011,10,threads.net/@_eloni_1011,71534040475,2025-07-28T18:51:23.015Z,threads.net,ThreadsPostCommentCrawlingLoader
tr_63289216612,tr_63289216612,locketladyboss,10,threads.net/@locketladyboss,63289216612,2025-07-28T18:51:23.015Z,threads.net,ThreadsPostCommentCrawlingLoader
tr_63066099310,tr_63066099310,ptshanut,10,threads.net/@ptshanut,63066099310,2025-07-28T18:51:23.015Z,threads.net,ThreadsPostCommentCrawlingLoader
tr_66655947155,tr_66655947155,hks_o51o,10,threads.net/@hks_o51o,66655947155,2025-07-28T18:51:23.015Z,threads.net,ThreadsPostCommentCrawlingLoader
tr_75575574847,tr_75575574847,loved.by.lover,10,threads.net/@loved.by.lover,75575574847,2025-07-28T18:51:23.015Z,threads.net,ThreadsPostCommentCrawlingLoader
tr_70382771769,tr_70382771769,saskiavanrens,10,threads.net/@saskiavanrens,70382771769,2025-07-28T18:51:23.015Z,threads.net,ThreadsPostCommentCrawlingLoader
tr_72938839512,tr_72938839512,kariexiga,10,threads.net/@kariexiga,72938839512,2025-07-28T18:51:23.015Z,threads.net,ThreadsPostCommentCrawlingLoader
tr_63157205622,tr_63157205622,_dprash,10,threads.net/@_dprash,63157205622,2025-07-28T18:51:23.015Z,threads.net,ThreadsPostCommentCrawlingLoader
tr_68299871051,tr_68299871051,ngan_milky,10,threads.net/@ngan_milky,68299871051,2025-07-28T18:51:23.015Z,threads.net,ThreadsPostCommentCrawlingLoader
tr_74888178335,tr_74888178335,lvonbella,10,threads.net/@lvonbella,74888178335,2025-07-28T18:51:23.015Z,threads.net,ThreadsPostCommentCrawlingLoader
tr_74363835399,tr_74363835399,nynnynnyn08,10,threads.net/@nynnynnyn08,74363835399,2025-07-28T18:51:23.015Z,threads.net,ThreadsPostCommentCrawlingLoader
tr_69429816900,tr_69429816900,blb791,10,threads.net/@blb791,69429816900,2025-07-28T18:51:23.015Z,threads.net,ThreadsPostCommentCrawlingLoader
tr_64001553684,tr_64001553684,mistikera,10,threads.net/@mistikera,64001553684,2025-07-28T18:51:23.015Z,threads.net,ThreadsPostCommentCrawlingLoader
tr_65112013364,tr_65112013364,lorenaloeza_5,10,threads.net/@lorenaloeza_5,65112013364,2025-07-28T18:51:23.015Z,threads.net,ThreadsPostCommentCrawlingLoader
tr_70177909909,tr_70177909909,sil.1075,10,threads.net/@sil.1075,70177909909,2025-07-28T18:51:23.015Z,threads.net,ThreadsPostCommentCrawlingLoader
tr_72120033148,tr_72120033148,ur_silsil,10,threads.net/@ur_silsil,72120033148,2025-07-28T18:51:23.015Z,threads.net,ThreadsPostCommentCrawlingLoader
tr_70465769374,tr_70465769374,monika_morelle,10,threads.net/@monika_morelle,70465769374,2025-07-28T18:51:23.015Z,threads.net,ThreadsPostCommentCrawlingLoader
tr_74789829735,tr_74789829735,maggieinnh,10,threads.net/@maggieinnh,74789829735,2025-07-28T18:51:23.015Z,threads.net,ThreadsPostCommentCrawlingLoader
tr_75404494080,tr_75404494080,susan751156,10,threads.net/@susan751156,75404494080,2025-07-28T18:51:23.015Z,threads.net,ThreadsPostCommentCrawlingLoader
tr_67958930625,tr_67958930625,rietabestara,10,threads.net/@rietabestara,67958930625,2025-07-28T18:51:23.015Z,threads.net,ThreadsPostCommentCrawlingLoader
tr_68225203728,tr_68225203728,kemalagea,10,threads.net/@kemalagea,68225203728,2025-07-28T18:51:23.015Z,threads.net,ThreadsPostCommentCrawlingLoader
tr_75490399177,tr_75490399177,_funguiduck_,10,threads.net/@_funguiduck_,75490399177,2025-07-28T18:51:23.015Z,threads.net,ThreadsPostCommentCrawlingLoader
tr_70509708074,tr_70509708074,jessie_barajas,10,threads.net/@jessie_barajas,70509708074,2025-07-28T18:51:23.015Z,threads.net,ThreadsPostCommentCrawlingLoader
tr_66173656001,tr_66173656001,chinatown.vn,10,threads.net/@chinatown.vn,66173656001,2025-07-28T18:51:26.923Z,threads.net,ThreadsSourceReplyNoCookieCrawlingLoader
tr_63272223141,tr_63272223141,_camille.ng,10,threads.net/@_camille.ng,63272223141,2025-07-28T18:51:26.923Z,threads.net,ThreadsSourceReplyNoCookieCrawlingLoader
tr_65349831244,tr_65349831244,cthaoo__,10,threads.net/@cthaoo__,65349831244,2025-07-28T18:51:26.825Z,threads.net,ThreadsPostCommentCrawlingLoader
tr_63463068332,tr_63463068332,_jar._thanhmai_,10,threads.net/@_jar._thanhmai_,63463068332,2025-07-28T18:51:31.431Z,threads.net,ThreadsSourceReplyNoCookieCrawlingLoader
tr_66338402187,tr_66338402187,ngmer06,10,threads.net/@ngmer06,66338402187,2025-07-28T18:51:31.849Z,threads.net,ThreadsRepostNoCookieCrawlingLoader
tr_66841643933,tr_66841643933,nguyenthiha273,10,threads.net/@nguyenthiha273,66841643933,2025-07-28T18:51:31.849Z,threads.net,ThreadsRepostNoCookieCrawlingLoader
tr_63213503750,tr_63213503750,veocinhh,10,threads.net/@veocinhh,63213503750,2025-07-28T18:51:32.060Z,threads.net,ThreadsSourceReplyNoCookieCrawlingLoader
tr_66996497567,tr_66996497567,quntrangg_,10,threads.net/@quntrangg_,66996497567,2025-07-28T18:51:32.060Z,threads.net,ThreadsSourceReplyNoCookieCrawlingLoader
tr_63206345118,tr_63206345118,_.chilene._,10,threads.net/@_.chilene._,63206345118,2025-07-28T18:51:37.136Z,threads.net,ThreadsSourceReplyNoCookieCrawlingLoader
tr_68554720271,tr_68554720271,lmquang,10,threads.net/@lmquang,68554720271,2025-07-28T18:51:37.136Z,threads.net,ThreadsSourceReplyNoCookieCrawlingLoader
tr_63103098223,tr_63103098223,mduc995,10,threads.net/@mduc995,63103098223,2025-07-28T18:51:37.137Z,threads.net,ThreadsSourceReplyNoCookieCrawlingLoader
tr_63218254556,tr_63218254556,tuyenkimdey,10,threads.net/@tuyenkimdey,63218254556,2025-07-28T18:51:37.245Z,threads.net,ThreadsRepostNoCookieCrawlingLoader
tr_74234540548,tr_74234540548,cieloher__,10,threads.net/@cieloher__,74234540548,2025-07-28T18:51:38.095Z,threads.net,ThreadsSourceReplyNoCookieCrawlingLoader
tr_70910559188,tr_70910559188,tidusfairsupertramp,10,threads.net/@tidusfairsupertramp,70910559188,2025-07-28T18:51:38.095Z,threads.net,ThreadsSourceReplyNoCookieCrawlingLoader
tr_64708354615,tr_64708354615,juicee_kr,10,threads.net/@juicee_kr,64708354615,2025-07-28T18:51:38.756Z,threads.net,ThreadsSourceReplyNoCookieCrawlingLoader
tr_63063019657,tr_63063019657,amaia_ahn,10,threads.net/@amaia_ahn,63063019657,2025-07-28T18:51:38.756Z,threads.net,ThreadsSourceReplyNoCookieCrawlingLoader
tr_69206164544,tr_69206164544,nguy.entu203,10,threads.net/@nguy.entu203,69206164544,2025-07-28T18:51:38.756Z,threads.net,ThreadsSourceReplyNoCookieCrawlingLoader
tr_69708303706,tr_69708303706,the79.kr,10,threads.net/@the79.kr,69708303706,2025-07-28T18:51:38.756Z,threads.net,ThreadsSourceReplyNoCookieCrawlingLoader
tr_63169044994,tr_63169044994,trongtri_16,10,threads.net/@trongtri_16,63169044994,2025-07-28T18:51:38.756Z,threads.net,ThreadsSourceReplyNoCookieCrawlingLoader
tr_69536759574,tr_69536759574,90land_phongtrohanoi,10,threads.net/@90land_phongtrohanoi,69536759574,2025-07-28T18:51:38.756Z,threads.net,ThreadsSourceReplyNoCookieCrawlingLoader
tr_63147508779,tr_63147508779,wuyhngocc,10,threads.net/@wuyhngocc,63147508779,2025-07-28T18:51:38.756Z,threads.net,ThreadsSourceReplyNoCookieCrawlingLoader
tr_65311427271,tr_65311427271,ngochawn,10,threads.net/@ngochawn,65311427271,2025-07-28T18:51:39.004Z,threads.net,ThreadsRepostNoCookieCrawlingLoader
tr_67938518644,tr_67938518644,chocodante,10,threads.net/@chocodante,67938518644,2025-07-28T18:51:39.471Z,threads.net,ThreadsSourceReplyNoCookieCrawlingLoader
tr_68992647272,tr_68992647272,nairbemsti,10,threads.net/@nairbemsti,68992647272,2025-07-28T18:51:39.471Z,threads.net,ThreadsSourceReplyNoCookieCrawlingLoader
tr_67979122505,tr_67979122505,todaywithyou.vn,10,threads.net/@todaywithyou.vn,67979122505,2025-07-28T18:51:39.526Z,threads.net,ThreadsRepostNoCookieCrawlingLoader
tr_63546343478,tr_63546343478,__francescaabruno__,10,threads.net/@__francescaabruno__,63546343478,2025-07-28T18:51:39.857Z,threads.net,ThreadsSourceReplyNoCookieCrawlingLoader
tr_72301625872,tr_72301625872,annaalbanese_,10,threads.net/@annaalbanese_,72301625872,2025-07-28T18:51:39.857Z,threads.net,ThreadsSourceReplyNoCookieCrawlingLoader
tr_63540479372,tr_63540479372,alerademon,10,threads.net/@alerademon,63540479372,2025-07-28T18:51:39.857Z,threads.net,ThreadsSourceReplyNoCookieCrawlingLoader
tr_63552789910,tr_63552789910,claudiacovs,10,threads.net/@claudiacovs,63552789910,2025-07-28T18:51:39.857Z,threads.net,ThreadsSourceReplyNoCookieCrawlingLoader
tr_63956282502,tr_63956282502,black_poison_98,10,threads.net/@black_poison_98,63956282502,2025-07-28T18:51:39.857Z,threads.net,ThreadsSourceReplyNoCookieCrawlingLoader
tr_63876477362,tr_63876477362,erik_legaluppi,10,threads.net/@erik_legaluppi,63876477362,2025-07-28T18:51:39.857Z,threads.net,ThreadsSourceReplyNoCookieCrawlingLoader
tr_63933947612,tr_63933947612,giovannigrappa,10,threads.net/@giovannigrappa,63933947612,2025-07-28T18:51:39.857Z,threads.net,ThreadsSourceReplyNoCookieCrawlingLoader
tr_64267568367,tr_64267568367,springflower_v,10,threads.net/@springflower_v,64267568367,2025-07-28T18:51:39.857Z,threads.net,ThreadsSourceReplyNoCookieCrawlingLoader
tr_64771027866,tr_64771027866,boxlollo,10,threads.net/@boxlollo,64771027866,2025-07-28T18:51:39.857Z,threads.net,ThreadsSourceReplyNoCookieCrawlingLoader
tr_63970877182,tr_63970877182,bianca23oo,10,threads.net/@bianca23oo,63970877182,2025-07-28T18:51:39.857Z,threads.net,ThreadsSourceReplyNoCookieCrawlingLoader
tr_63868613223,tr_63868613223,drecavazzuti,10,threads.net/@drecavazzuti,63868613223,2025-07-28T18:51:39.857Z,threads.net,ThreadsSourceReplyNoCookieCrawlingLoader
tr_70600175650,tr_70600175650,herbabike24,10,threads.net/@herbabike24,70600175650,2025-07-28T18:51:39.857Z,threads.net,ThreadsSourceReplyNoCookieCrawlingLoader
tr_63902641367,tr_63902641367,andreafrassante,10,threads.net/@andreafrassante,63902641367,2025-07-28T18:51:39.857Z,threads.net,ThreadsSourceReplyNoCookieCrawlingLoader
tr_63519627651,tr_63519627651,oribu_no_monogatari,10,threads.net/@oribu_no_monogatari,63519627651,2025-07-28T18:51:39.857Z,threads.net,ThreadsSourceReplyNoCookieCrawlingLoader
tr_66931486840,tr_66931486840,annieluvuu,10,threads.net/@annieluvuu,66931486840,2025-07-28T18:51:46.730Z,threads.net,ThreadsPostCommentCrawlingLoader
tr_63079475077,tr_63079475077,drjolenebrighten,10,threads.net/@drjolenebrighten,63079475077,2025-07-28T18:52:17.189Z,threads.net,ThreadsSourceReplyNoCookieCrawlingLoader
tr_68958233742,tr_68958233742,hnacte._,10,threads.net/@hnacte._,68958233742,2025-07-28T18:52:21.248Z,threads.net,ThreadsRepostNoCookieCrawlingLoader
tr_66687852121,tr_66687852121,linhxu0508,10,threads.net/@linhxu0508,66687852121,2025-07-28T18:52:21.248Z,threads.net,ThreadsRepostNoCookieCrawlingLoader
tr_65914398457,tr_65914398457,_maybe.hp,10,threads.net/@_maybe.hp,65914398457,2025-07-28T18:52:21.728Z,threads.net,ThreadsSourceReplyNoCookieCrawlingLoader
tr_70116850787,tr_70116850787,slowjams_gee,10,threads.net/@slowjams_gee,70116850787,2025-07-28T18:52:23.313Z,threads.net,ThreadsSourceReplyNoCookieCrawlingLoader
tr_63082105336,tr_63082105336,mum_2_boyz,10,threads.net/@mum_2_boyz,63082105336,2025-07-28T18:52:23.313Z,threads.net,ThreadsSourceReplyNoCookieCrawlingLoader
tr_70352101193,tr_70352101193,jamesandpaultryitall,10,threads.net/@jamesandpaultryitall,70352101193,2025-07-28T18:52:23.313Z,threads.net,ThreadsSourceReplyNoCookieCrawlingLoader
tr_63098733217,tr_63098733217,arosoff,10,threads.net/@arosoff,63098733217,2025-07-28T18:52:24.030Z,threads.net,ThreadsSourceReplyNoCookieCrawlingLoader
tr_63154653127,tr_63154653127,john.st.clair.56,10,threads.net/@john.st.clair.56,63154653127,2025-07-28T18:52:24.030Z,threads.net,ThreadsSourceReplyNoCookieCrawlingLoader
tr_63056959587,tr_63056959587,eggyboom,10,threads.net/@eggyboom,63056959587,2025-07-28T18:52:24.030Z,threads.net,ThreadsSourceReplyNoCookieCrawlingLoader
tr_63384511781,tr_63384511781,messagewithabottle,10,threads.net/@messagewithabottle,63384511781,2025-07-28T18:52:24.030Z,threads.net,ThreadsSourceReplyNoCookieCrawlingLoader
tr_69519357228,tr_69519357228,antisemitismwatch,10,threads.net/@antisemitismwatch,69519357228,2025-07-28T18:52:24.030Z,threads.net,ThreadsSourceReplyNoCookieCrawlingLoader
tr_63390780758,tr_63390780758,marekcornett,10,threads.net/@marekcornett,63390780758,2025-07-28T18:52:24.030Z,threads.net,ThreadsSourceReplyNoCookieCrawlingLoader
